{
    "Ar36": {
        "error": 0.0024668859330037752, 
        "fit": "parabolic", 
        "value": 0.028603070568029656
    }, 
    "Ar37": {
        "error": 0.056315032921296936, 
        "fit": "linear", 
        "value": 0.14429173163820769
    }, 
    "Ar38": {
        "error": 0.22295009800799173, 
        "fit": "linear", 
        "value": 1.4039834343593682
    }, 
    "Ar39": {
        "error": 0.10271260135381248, 
        "fit": "parabolic", 
        "value": 98.944717252596547
    }, 
    "Ar40": {
        "error": 0.33110186724774493, 
        "fit": "parabolic", 
        "value": 1367.2230984476889
    }, 
    "Ar41": {
        "error": 0.12679395392964246, 
        "fit": "average_SEM", 
        "value": 0.066634493156525421
    }
}