{
    "Ar36": {
        "error": 0.0023580117146286329, 
        "fit": "parabolic", 
        "value": 0.0300332457854381
    }, 
    "Ar37": {
        "error": 0.053657862459976356, 
        "fit": "linear", 
        "value": 0.15392917230642184
    }, 
    "Ar38": {
        "error": 0.32749377035015337, 
        "fit": "linear", 
        "value": 1.3879161380064173
    }, 
    "Ar39": {
        "error": 0.092790787391806046, 
        "fit": "parabolic", 
        "value": 98.845310932500354
    }, 
    "Ar40": {
        "error": 0.33134197363606738, 
        "fit": "parabolic", 
        "value": 1363.2996731864564
    }, 
    "Ar41": {
        "error": 0.129273205685728, 
        "fit": "average_SEM", 
        "value": 0.2373979695397429
    }
}