{
    "Ar36": {
        "error": 0.0022299652781408857, 
        "fit": "parabolic", 
        "value": 0.028651744549598963
    }, 
    "Ar37": {
        "error": 0.05206057024562457, 
        "fit": "linear", 
        "value": 0.15868528544032717
    }, 
    "Ar38": {
        "error": 0.30041337371331106, 
        "fit": "linear", 
        "value": 1.3795888677441372
    }, 
    "Ar39": {
        "error": 0.10962535516640783, 
        "fit": "parabolic", 
        "value": 98.871337266055122
    }, 
    "Ar40": {
        "error": 0.33399450102912226, 
        "fit": "parabolic", 
        "value": 1364.0079620895772
    }, 
    "Ar41": {
        "error": 0.13075656537912614, 
        "fit": "average_SEM", 
        "value": 0.028059003920789111
    }
}