{
    "Ar36": {
        "error": 0.0022849060089411384, 
        "fit": "parabolic", 
        "value": 0.029770345481700877
    }, 
    "Ar37": {
        "error": 0.050850305391226959, 
        "fit": "linear", 
        "value": 0.15129052669144444
    }, 
    "Ar38": {
        "error": 0.29092155295984434, 
        "fit": "linear", 
        "value": 1.3763447743118047
    }, 
    "Ar39": {
        "error": 0.10470181891772187, 
        "fit": "parabolic", 
        "value": 99.0043121270092
    }, 
    "Ar40": {
        "error": 0.33186553285163095, 
        "fit": "parabolic", 
        "value": 1366.5346752378523
    }, 
    "Ar41": {
        "error": 0.12525911536143908, 
        "fit": "average_SEM", 
        "value": 0.024042413204260812
    }
}