{
    "Ar36": {
        "error": 0.0022381590204944984, 
        "fit": "parabolic", 
        "value": 0.029035621852932316
    }, 
    "Ar37": {
        "error": 0.049638399691824119, 
        "fit": "linear", 
        "value": 0.16032742052193855
    }, 
    "Ar38": {
        "error": 0.33234249455915948, 
        "fit": "linear", 
        "value": 1.329222906257655
    }, 
    "Ar39": {
        "error": 0.099351733763304792, 
        "fit": "parabolic", 
        "value": 98.953232077326774
    }, 
    "Ar40": {
        "error": 0.36565191969301186, 
        "fit": "parabolic", 
        "value": 1365.401434447469
    }, 
    "Ar41": {
        "error": 0.12029427132424088, 
        "fit": "average_SEM", 
        "value": -0.032590814866180151
    }
}