{
    "Ar36": {
        "error": 0.0049967914855794365, 
        "fit": "parabolic", 
        "value": 0.016732147579163664
    }, 
    "Ar37": {
        "error": 0.055471790423587707, 
        "fit": "linear", 
        "value": 0.1553351348325771
    }, 
    "Ar38": {
        "error": 0.34616659007274692, 
        "fit": "linear", 
        "value": 0.45887177839761145
    }, 
    "Ar39": {
        "error": 15.72604228145015, 
        "fit": "parabolic", 
        "value": 52.734543705006935
    }, 
    "Ar40": {
        "error": 217.20064067927785, 
        "fit": "parabolic", 
        "value": 733.59838674751745
    }, 
    "Ar41": {
        "error": 0.38869757089798068, 
        "fit": "average_SEM", 
        "value": 0.064503085622927753
    }
}