{
    "Ar36": {
        "error": 0.0027360890642498165, 
        "fit": "parabolic", 
        "value": 0.027841553161205054
    }, 
    "Ar37": {
        "error": 0.22715090755953068, 
        "fit": "linear", 
        "value": 0.56445288730446341
    }, 
    "Ar38": {
        "error": 0.11476228704402168, 
        "fit": "linear", 
        "value": 1.4402564050906652
    }, 
    "Ar39": {
        "error": 0.10661524384876862, 
        "fit": "parabolic", 
        "value": 95.879212223109334
    }, 
    "Ar40": {
        "error": 0.43487054166505457, 
        "fit": "parabolic", 
        "value": 1324.4911031483962
    }, 
    "Ar41": {
        "error": 0.12148480842653232, 
        "fit": "average_SEM", 
        "value": 0.27312697214685611
    }
}