{
    "Ar36": {
        "error": 0.00081164314010860746, 
        "fit": "parabolic", 
        "value": 0.00056764849814401976
    }, 
    "Ar37": {
        "error": 0.054039398262694674, 
        "fit": "linear", 
        "value": 0.14851839678755002
    }, 
    "Ar38": {
        "error": 0.32483805115842229, 
        "fit": "linear", 
        "value": 0.11307558169424742
    }, 
    "Ar39": {
        "error": 0.057637014324095251, 
        "fit": "parabolic", 
        "value": 0.19152815638575893
    }, 
    "Ar40": {
        "error": 0.057909620064024683, 
        "fit": "parabolic", 
        "value": 0.44451070093458944
    }, 
    "Ar41": {
        "error": 0.13896444578519826, 
        "fit": "average_SEM", 
        "value": 0.0028662256634561347
    }
}