{
    "Ar36": {
        "error": 0.0008063653187403494, 
        "fit": "parabolic", 
        "value": 0.00078557818897169451
    }, 
    "Ar37": {
        "error": 0.051016437685239509, 
        "fit": "linear", 
        "value": 0.14628858049894242
    }, 
    "Ar38": {
        "error": 0.22620094042338809, 
        "fit": "linear", 
        "value": 0.099736158687140114
    }, 
    "Ar39": {
        "error": 0.054508384912428022, 
        "fit": "parabolic", 
        "value": 0.17420397323596415
    }, 
    "Ar40": {
        "error": 0.048633561603422033, 
        "fit": "parabolic", 
        "value": 0.31531613509825518
    }, 
    "Ar41": {
        "error": 0.12021901141850655, 
        "fit": "average_SEM", 
        "value": -0.0385275016224432
    }
}