{
    "Ar36": {
        "error": 0.00071331657420010486, 
        "fit": "parabolic", 
        "value": 0.00067229219860413228
    }, 
    "Ar37": {
        "error": 0.05033132007496155, 
        "fit": "linear", 
        "value": 0.15000659151624679
    }, 
    "Ar38": {
        "error": 0.19817246379950179, 
        "fit": "linear", 
        "value": 0.13736968091418056
    }, 
    "Ar39": {
        "error": 0.059787891541463321, 
        "fit": "parabolic", 
        "value": 0.083047496549705974
    }, 
    "Ar40": {
        "error": 0.055262464624941186, 
        "fit": "parabolic", 
        "value": 0.40566324657342334
    }, 
    "Ar41": {
        "error": 0.13179979952735829, 
        "fit": "average_SEM", 
        "value": 0.0348978326653787
    }
}