{
    "AX": {
        "error": 0.05868110770067767, 
        "fit": "average_SEM", 
        "value": 0.04345389111937645
    }, 
    "CDD": {
        "error": 3.966596464933284e-05, 
        "fit": "average_SEM", 
        "value": 1.055691100191325e-05
    }, 
    "H1": {
        "error": 0.040327795064855024, 
        "fit": "average_SEM", 
        "value": 0.16820625023295482
    }, 
    "H2": {
        "error": 0.11858666994164456, 
        "fit": "average_SEM", 
        "value": 0.04675836782019663
    }, 
    "L1": {
        "error": 0.1922525573431235, 
        "fit": "average_SEM", 
        "value": 0.1346618922097453
    }, 
    "L2": {
        "error": 0.05595153059075946, 
        "fit": "average_SEM", 
        "value": 0.14019869900221238
    }
}