{
    "AX": {
        "error": 0.06539125582526793, 
        "fit": "average_SEM", 
        "value": 0.17052246313542127
    }, 
    "CDD": {
        "error": 4.85083417452714e-05, 
        "fit": "average_SEM", 
        "value": 1.3196138994923483e-05
    }, 
    "H1": {
        "error": 0.04343984793921022, 
        "fit": "average_SEM", 
        "value": 0.18700386391331753
    }, 
    "H2": {
        "error": 0.12458024935878345, 
        "fit": "average_SEM", 
        "value": 0.0026398873858852314
    }, 
    "L1": {
        "error": 0.312322420748665, 
        "fit": "average_SEM", 
        "value": 0.12378134684016308
    }, 
    "L2": {
        "error": 0.05731554646343102, 
        "fit": "average_SEM", 
        "value": 0.13979994204613225
    }
}