{
    "AX": {
        "error": 0.06257585070731408, 
        "fit": "average_SEM", 
        "value": 0.1487557709372292
    }, 
    "CDD": {
        "error": 3.966596464933284e-05, 
        "fit": "average_SEM", 
        "value": 1.055691100191325e-05
    }, 
    "H1": {
        "error": 0.04099054421002275, 
        "fit": "average_SEM", 
        "value": 0.19341467265039683
    }, 
    "H2": {
        "error": 0.12170248687629374, 
        "fit": "average_SEM", 
        "value": -0.02264117938320851
    }, 
    "L1": {
        "error": 0.22383962445367267, 
        "fit": "average_SEM", 
        "value": 0.09173046601257132
    }, 
    "L2": {
        "error": 0.05097945269971387, 
        "fit": "average_SEM", 
        "value": 0.13398091367756326
    }
}