{
    "AX": {
        "error": 0.050211548661964485, 
        "fit": "average_SEM", 
        "value": 0.16364979688854267
    }, 
    "CDD": {
        "error": 4.770528738225758e-05, 
        "fit": "average_SEM", 
        "value": 1.5835366502869876e-05
    }, 
    "H1": {
        "error": 0.04237715598190663, 
        "fit": "average_SEM", 
        "value": 0.19337275711198648
    }, 
    "H2": {
        "error": 0.13614822663818796, 
        "fit": "average_SEM", 
        "value": -0.06792110523601877
    }, 
    "L1": {
        "error": 0.3214342272560832, 
        "fit": "average_SEM", 
        "value": 0.05070990474972253
    }, 
    "L2": {
        "error": 0.053180698450912826, 
        "fit": "average_SEM", 
        "value": 0.14149582033666472
    }
}