{
    "AX": {
        "error": 0.055333742429449544, 
        "fit": "average_SEM", 
        "value": 0.18015878181904554
    }, 
    "CDD": {
        "error": 4.188386583665004e-05, 
        "fit": "average_SEM", 
        "value": 1.1876524877152405e-05
    }, 
    "H1": {
        "error": 0.043488034167941364, 
        "fit": "average_SEM", 
        "value": 0.1898154461135467
    }, 
    "H2": {
        "error": 0.1309250886142722, 
        "fit": "average_SEM", 
        "value": 0.14773783540974061
    }, 
    "L1": {
        "error": 0.3422007417686231, 
        "fit": "average_SEM", 
        "value": 0.06171571140099938
    }, 
    "L2": {
        "error": 0.05173617452398339, 
        "fit": "average_SEM", 
        "value": 0.14287758247616392
    }
}