{
    "AX": {
        "error": 0.055380233614947344, 
        "fit": "average_SEM", 
        "value": 0.13782997082453222
    }, 
    "CDD": {
        "error": 4.770528738225758e-05, 
        "fit": "average_SEM", 
        "value": 1.5835366502869876e-05
    }, 
    "H1": {
        "error": 0.042364633406254154, 
        "fit": "average_SEM", 
        "value": 0.18079537724455197
    }, 
    "H2": {
        "error": 0.13372370839981987, 
        "fit": "average_SEM", 
        "value": 0.002467748775719277
    }, 
    "L1": {
        "error": 0.30819877822553704, 
        "fit": "average_SEM", 
        "value": 0.1014547397576583
    }, 
    "L2": {
        "error": 0.052155493144502026, 
        "fit": "average_SEM", 
        "value": 0.13702820121155432
    }
}