{
    "AX": {
        "error": 0.05165263645457437, 
        "fit": "average_SEM", 
        "value": 0.17235268587246538
    }, 
    "CDD": {
        "error": 3.966596464933283e-05, 
        "fit": "average_SEM", 
        "value": 1.055691100191325e-05
    }, 
    "H1": {
        "error": 0.043007105239846306, 
        "fit": "average_SEM", 
        "value": 0.19381148132185141
    }, 
    "H2": {
        "error": 0.12566661669472926, 
        "fit": "average_SEM", 
        "value": 0.20763728394910383
    }, 
    "L1": {
        "error": 0.3390881664607986, 
        "fit": "average_SEM", 
        "value": 0.09984082236575584
    }, 
    "L2": {
        "error": 0.05086066531759808, 
        "fit": "average_SEM", 
        "value": 0.1416523789210866
    }
}