{
    "AX": {
        "error": 0.056111437526576984, 
        "fit": "average_SEM", 
        "value": 0.13536680938365558
    }, 
    "CDD": {
        "error": 2.8544537191685696e-05, 
        "fit": "average_SEM", 
        "value": 5.278455500956625e-06
    }, 
    "H1": {
        "error": 0.03964052631264186, 
        "fit": "average_SEM", 
        "value": 0.18680305480957032
    }, 
    "H2": {
        "error": 0.14014147259668214, 
        "fit": "average_SEM", 
        "value": 0.03418358041380998
    }, 
    "L1": {
        "error": 0.2938928522200347, 
        "fit": "average_SEM", 
        "value": 0.15522387753007932
    }, 
    "L2": {
        "error": 0.055961817210018694, 
        "fit": "average_SEM", 
        "value": 0.12536673342729046
    }
}