{
    "CDD": {
        "error": 2.340731938170386e-05, 
        "fit": "average_SEM", 
        "value": 3.518970333971083e-06
    }, 
    "H1": {
        "error": 0.04214559643627384, 
        "fit": "average_SEM", 
        "value": 0.1831528436806467
    }, 
    "H2": {
        "error": 0.12213925972788489, 
        "fit": "average_SEM", 
        "value": -0.015641497666688844
    }, 
    "L1": {
        "error": 0.3135242143265009, 
        "fit": "average_SEM", 
        "value": 0.06742249141033325
    }, 
    "L2": {
        "error": 0.05324090903495939, 
        "fit": "average_SEM", 
        "value": 0.1361135707133346
    }
}