{
    "CDD": {
        "error": 3.272461669154974e-05, 
        "fit": "average_SEM", 
        "value": 7.037940667942166e-06
    }, 
    "H1": {
        "error": 0.04487189380374349, 
        "fit": "average_SEM", 
        "value": 0.19805901282363467
    }, 
    "H2": {
        "error": 0.13733545569273808, 
        "fit": "average_SEM", 
        "value": 0.21617979588918387
    }, 
    "L1": {
        "error": 0.3158168993212994, 
        "fit": "average_SEM", 
        "value": 0.10720112456474454
    }, 
    "L2": {
        "error": 0.0540334638832229, 
        "fit": "average_SEM", 
        "value": 0.13847913953165214
    }
}