{
    "CDD": {
        "error": 3.9610526516512005e-05, 
        "fit": "average_SEM", 
        "value": 1.055691100191325e-05
    }, 
    "H1": {
        "error": 0.037448689176851, 
        "fit": "average_SEM", 
        "value": 0.20197487299640973
    }, 
    "H2": {
        "error": 0.1328777994038965, 
        "fit": "average_SEM", 
        "value": -0.09365759396007181
    }, 
    "L1": {
        "error": 0.35805020044488706, 
        "fit": "average_SEM", 
        "value": 0.019002888563813436
    }, 
    "L2": {
        "error": 0.05050685134564888, 
        "fit": "average_SEM", 
        "value": 0.148722976549632
    }
}