{
    "CDD": {
        "error": 2.850464264082499e-05, 
        "fit": "average_SEM", 
        "value": 5.278455500956625e-06
    }, 
    "H1": {
        "error": 0.03868585856778173, 
        "fit": "average_SEM", 
        "value": 0.2063791573047638
    }, 
    "H2": {
        "error": 0.11201588174888104, 
        "fit": "average_SEM", 
        "value": -0.057291876007285386
    }, 
    "L1": {
        "error": 0.1985413411675356, 
        "fit": "average_SEM", 
        "value": 0.0808562088736734
    }, 
    "L2": {
        "error": 0.04750640594554183, 
        "fit": "average_SEM", 
        "value": 0.13561719618737697
    }
}