{
    "CDD": {
        "error": 2.8504642640824985e-05, 
        "fit": "average_SEM", 
        "value": 5.278455500956625e-06
    }, 
    "H1": {
        "error": 0.04098777105660178, 
        "fit": "average_SEM", 
        "value": 0.19571696180436346
    }, 
    "H2": {
        "error": 0.13710919290792836, 
        "fit": "average_SEM", 
        "value": 0.18319521730041338
    }, 
    "L1": {
        "error": 0.3280500963346984, 
        "fit": "average_SEM", 
        "value": 0.1516834781712128
    }, 
    "L2": {
        "error": 0.05168760378376247, 
        "fit": "average_SEM", 
        "value": 0.13446914638496107
    }
}