{
    "CDD": {
        "error": 2.8504642640824992e-05, 
        "fit": "average_SEM", 
        "value": 5.278455500956625e-06
    }, 
    "H1": {
        "error": 0.042587134708632284, 
        "fit": "average_SEM", 
        "value": 0.19533521541290813
    }, 
    "H2": {
        "error": 0.12561521361441297, 
        "fit": "average_SEM", 
        "value": -0.018920220833064782
    }, 
    "L1": {
        "error": 0.35107498119156755, 
        "fit": "average_SEM", 
        "value": 0.16371493285470123
    }, 
    "L2": {
        "error": 0.055216616557923884, 
        "fit": "average_SEM", 
        "value": 0.1400896860907475
    }
}