{
    "CDD": {
        "error": 0.0, 
        "fit": "average_SEM", 
        "value": 0.0
    }, 
    "H1": {
        "error": 0.038018511988031224, 
        "fit": "average_SEM", 
        "value": 0.20753824558013526
    }, 
    "H2": {
        "error": 0.14904447957587283, 
        "fit": "average_SEM", 
        "value": 0.03915415000091553
    }, 
    "L1": {
        "error": 0.31864054770430794, 
        "fit": "average_SEM", 
        "value": 0.14243710217758632
    }, 
    "L2": {
        "error": 0.056449784121143556, 
        "fit": "average_SEM", 
        "value": 0.1332267795044642
    }
}