{
    "CDD": {
        "error": 1.6645251072804817e-05, 
        "fit": "average_SEM", 
        "value": 1.7594851669855415e-06
    }, 
    "H1": {
        "error": 0.04157960422444788, 
        "fit": "average_SEM", 
        "value": 0.18331430583364433
    }, 
    "H2": {
        "error": 0.1304899693092968, 
        "fit": "average_SEM", 
        "value": -0.06103720487024273
    }, 
    "L1": {
        "error": 0.31736663718435887, 
        "fit": "average_SEM", 
        "value": 0.05674943901184532
    }, 
    "L2": {
        "error": 0.05210685121175822, 
        "fit": "average_SEM", 
        "value": 0.13304555887977282
    }
}