{
    "CDD": {
        "error": 3.9610526516512005e-05, 
        "fit": "average_SEM", 
        "value": 1.055691100191325e-05
    }, 
    "H1": {
        "error": 0.04060639939737025, 
        "fit": "average_SEM", 
        "value": 0.19544436865382725
    }, 
    "H2": {
        "error": 0.13486393371285182, 
        "fit": "average_SEM", 
        "value": 0.017708757053737322
    }, 
    "L1": {
        "error": 0.32341433462585556, 
        "fit": "average_SEM", 
        "value": 0.09981609427163171
    }, 
    "L2": {
        "error": 0.05640130035587954, 
        "fit": "average_SEM", 
        "value": 0.1413832124736574
    }
}