{
    "CDD": {
        "error": 2.850464264082499e-05, 
        "fit": "average_SEM", 
        "value": 5.278455500956625e-06
    }, 
    "H1": {
        "error": 0.04643786740575078, 
        "fit": "average_SEM", 
        "value": 0.20960149549775653
    }, 
    "H2": {
        "error": 0.11177612158664794, 
        "fit": "average_SEM", 
        "value": -0.09300752185598767
    }, 
    "L1": {
        "error": 0.1815942784827135, 
        "fit": "average_SEM", 
        "value": 0.02104888406659787
    }, 
    "L2": {
        "error": 0.05722134344647652, 
        "fit": "average_SEM", 
        "value": 0.13862850630862844
    }
}