{
    "CDD": {
        "error": 3.70522575168277e-05, 
        "fit": "average_SEM", 
        "value": 5.278455824332519e-06
    }, 
    "H1": {
        "error": 0.048797592153144956, 
        "fit": "average_SEM", 
        "value": 0.19921819414529535
    }, 
    "H2": {
        "error": 0.12480023897667762, 
        "fit": "average_SEM", 
        "value": -0.10346612602847421
    }, 
    "L1": {
        "error": 0.18812496779634097, 
        "fit": "average_SEM", 
        "value": -0.024700938949051003
    }, 
    "L2": {
        "error": 0.04831959437190809, 
        "fit": "average_SEM", 
        "value": 0.14394708337883155
    }
}