{
    "CDD": {
        "error": 2.3407319381703855e-05, 
        "fit": "average_SEM", 
        "value": 3.518970333971083e-06
    }, 
    "H1": {
        "error": 0.04033465927704171, 
        "fit": "average_SEM", 
        "value": 0.1955619781381554
    }, 
    "H2": {
        "error": 0.11351272858251064, 
        "fit": "average_SEM", 
        "value": 0.19992565820511016
    }, 
    "L1": {
        "error": 0.3116980736032984, 
        "fit": "average_SEM", 
        "value": 0.16198258100226262
    }, 
    "L2": {
        "error": 0.05392603120948716, 
        "fit": "average_SEM", 
        "value": 0.13441570637223776
    }
}