{
    "CDD": {
        "error": 3.272461669154974e-05, 
        "fit": "average_SEM", 
        "value": 7.037940667942166e-06
    }, 
    "H1": {
        "error": 0.04723763381650527, 
        "fit": "average_SEM", 
        "value": 0.19397013874517546
    }, 
    "H2": {
        "error": 0.13229053696285287, 
        "fit": "average_SEM", 
        "value": -0.060385475090394415
    }, 
    "L1": {
        "error": 0.311534474141046, 
        "fit": "average_SEM", 
        "value": 0.04466341513519486
    }, 
    "L2": {
        "error": 0.057525614946644724, 
        "fit": "average_SEM", 
        "value": 0.1278587250659863
    }
}