{
    "CDD": {
        "error": 3.272461669154974e-05, 
        "fit": "average_SEM", 
        "value": 7.037940667942166e-06
    }, 
    "H1": {
        "error": 0.04976946824494461, 
        "fit": "average_SEM", 
        "value": 0.1808982889685366
    }, 
    "H2": {
        "error": 0.12415952071792495, 
        "fit": "average_SEM", 
        "value": 0.03002568747356741
    }, 
    "L1": {
        "error": 0.2980099855984249, 
        "fit": "average_SEM", 
        "value": 0.14027544366609718
    }, 
    "L2": {
        "error": 0.052132332312121894, 
        "fit": "average_SEM", 
        "value": 0.1365081338496465
    }
}