{
    "CDD": {
        "error": 3.637389527147517e-05, 
        "fit": "average_SEM", 
        "value": 8.797425834927708e-06
    }, 
    "H1": {
        "error": 0.04057584352103636, 
        "fit": "average_SEM", 
        "value": 0.18505253146092096
    }, 
    "H2": {
        "error": 0.1244240710148942, 
        "fit": "average_SEM", 
        "value": 0.1944240821991116
    }, 
    "L1": {
        "error": 0.33080407445974186, 
        "fit": "average_SEM", 
        "value": 0.0665625094436109
    }, 
    "L2": {
        "error": 0.05320347156074755, 
        "fit": "average_SEM", 
        "value": 0.14130481518805027
    }
}