{
    "CDD": {
        "error": 2.340731938170386e-05, 
        "fit": "average_SEM", 
        "value": 3.518970333971083e-06
    }, 
    "H1": {
        "error": 0.04653155505403344, 
        "fit": "average_SEM", 
        "value": 0.1992323450744152
    }, 
    "H2": {
        "error": 0.12000018790440364, 
        "fit": "average_SEM", 
        "value": -0.1267931731472749
    }, 
    "L1": {
        "error": 0.21150358238756364, 
        "fit": "average_SEM", 
        "value": -0.025907643620545664
    }, 
    "L2": {
        "error": 0.055118529690660854, 
        "fit": "average_SEM", 
        "value": 0.1407376075603275
    }
}