{
    "AX": {
        "error": 0.06089762100411252, 
        "fit": "average_SEM", 
        "value": 0.04248621376924954
    }, 
    "CDD": {
        "error": 3.966596464933284e-05, 
        "fit": "average_SEM", 
        "value": 1.055691100191325e-05
    }, 
    "H1": {
        "error": 0.03568540041052683, 
        "fit": "average_SEM", 
        "value": 0.17789691810806593
    }, 
    "H2": {
        "error": 0.1122359120144304, 
        "fit": "average_SEM", 
        "value": 0.022870276154814444
    }, 
    "L1": {
        "error": 0.2221919217622611, 
        "fit": "average_SEM", 
        "value": 0.12000629391986876
    }, 
    "L2": {
        "error": 0.05114637340835482, 
        "fit": "average_SEM", 
        "value": 0.1347499383923908
    }
}