{
    "AX": {
        "error": 0.05975229374423129, 
        "fit": "average_SEM", 
        "value": 0.05000249803827804
    }, 
    "CDD": {
        "error": 3.4657087795304464e-05, 
        "fit": "average_SEM", 
        "value": 7.917683251434938e-06
    }, 
    "H1": {
        "error": 0.039783302199155476, 
        "fit": "average_SEM", 
        "value": 0.17687260104964178
    }, 
    "H2": {
        "error": 0.13652889895908935, 
        "fit": "average_SEM", 
        "value": 0.015672165989720575
    }, 
    "L1": {
        "error": 0.23210147489549202, 
        "fit": "average_SEM", 
        "value": 0.12111253123027078
    }, 
    "L2": {
        "error": 0.05178534201771819, 
        "fit": "average_SEM", 
        "value": 0.1318834052886814
    }
}