{
    "AX": {
        "error": 0.05271754851517819, 
        "fit": "average_SEM", 
        "value": 0.13759812115070721
    }, 
    "CDD": {
        "error": 4.028097939586146e-05, 
        "fit": "average_SEM", 
        "value": 7.917683493966857e-06
    }, 
    "H1": {
        "error": 0.040593837290329955, 
        "fit": "average_SEM", 
        "value": 0.17877850296596687
    }, 
    "H2": {
        "error": 0.13217322320568134, 
        "fit": "average_SEM", 
        "value": 0.00608619314734824
    }, 
    "L1": {
        "error": 0.3208343109752089, 
        "fit": "average_SEM", 
        "value": 0.10959300292112555
    }, 
    "L2": {
        "error": 0.04394269612092058, 
        "fit": "average_SEM", 
        "value": 0.13365293967848021
    }
}