{
    "AX": {
        "error": 0.05734701997467557, 
        "fit": "average_SEM", 
        "value": 0.16492328578606247
    }, 
    "CDD": {
        "error": 4.39501496563956e-05, 
        "fit": "average_SEM", 
        "value": 1.3196138752391562e-05
    }, 
    "H1": {
        "error": 0.04014029710163905, 
        "fit": "average_SEM", 
        "value": 0.20501916607220969
    }, 
    "H2": {
        "error": 0.12431531666108549, 
        "fit": "average_SEM", 
        "value": -0.12983996309145976
    }, 
    "L1": {
        "error": 0.18866557152913688, 
        "fit": "average_SEM", 
        "value": -0.012568434892455117
    }, 
    "L2": {
        "error": 0.05411810999115732, 
        "fit": "average_SEM", 
        "value": 0.13549516460625455
    }
}