{
    "AX": {
        "error": 0.05070112515626838, 
        "fit": "average_SEM", 
        "value": 0.16626968380684654
    }, 
    "CDD": {
        "error": 2.4826618684601576e-05, 
        "fit": "average_SEM", 
        "value": 3.958841625717469e-06
    }, 
    "H1": {
        "error": 0.03913172721959568, 
        "fit": "average_SEM", 
        "value": 0.18783358714232842
    }, 
    "H2": {
        "error": 0.127921923080063, 
        "fit": "average_SEM", 
        "value": 0.01929446047579404
    }, 
    "L1": {
        "error": 0.3336289665648172, 
        "fit": "average_SEM", 
        "value": 0.12654475640350332
    }, 
    "L2": {
        "error": 0.05225508066146632, 
        "fit": "average_SEM", 
        "value": 0.1403456511441618
    }
}