{
    "AX": {
        "error": 0.052554882541266716, 
        "fit": "average_SEM", 
        "value": -0.014398288106144718
    }, 
    "CDD": {
        "error": 5.601235484886172e-05, 
        "fit": "average_SEM", 
        "value": 2.419261436443776e-05
    }, 
    "H1": {
        "error": 0.10155436668628039, 
        "fit": "average_SEM", 
        "value": 0.37742770425975325
    }, 
    "H2": {
        "error": 0.1100570134012207, 
        "fit": "average_SEM", 
        "value": 0.23423153543068717
    }, 
    "L1": {
        "error": 0.10189352964507054, 
        "fit": "average_SEM", 
        "value": 0.2002114576481593
    }, 
    "L2": {
        "error": 0.20930459996053644, 
        "fit": "average_SEM", 
        "value": 0.48854519954572123
    }
}