{
    "AX": {
        "error": 0.055099017928054606, 
        "fit": "average_SEM", 
        "value": 0.15981537270902965
    }, 
    "CDD": {
        "error": 0.00014406974570070312, 
        "fit": "average_SEM", 
        "value": 0.00011876525459229015
    }, 
    "H1": {
        "error": 0.04570053262804945, 
        "fit": "average_SEM", 
        "value": 0.23693540667494137
    }, 
    "H2": {
        "error": 0.13581216535132942, 
        "fit": "average_SEM", 
        "value": -0.06923744745193593
    }, 
    "L1": {
        "error": 0.32576449405202607, 
        "fit": "average_SEM", 
        "value": 0.008334473514696582
    }, 
    "L2": {
        "error": 0.05124034498391999, 
        "fit": "average_SEM", 
        "value": 0.14354339619943252
    }
}