{
    "AX": {
        "error": 0.05869050307184272, 
        "fit": "average_SEM", 
        "value": 0.1473439309435586
    }, 
    "CDD": {
        "error": 0.00014501128907102188, 
        "fit": "average_SEM", 
        "value": 0.00012536332469608168
    }, 
    "H1": {
        "error": 0.04425517456713276, 
        "fit": "average_SEM", 
        "value": 0.23052413326998553
    }, 
    "H2": {
        "error": 0.13377921006126722, 
        "fit": "average_SEM", 
        "value": -0.004326597772887908
    }, 
    "L1": {
        "error": 0.2979047874445342, 
        "fit": "average_SEM", 
        "value": 0.10745195876418924
    }, 
    "L2": {
        "error": 0.05188343647222192, 
        "fit": "average_SEM", 
        "value": 0.12911077990817527
    }
}