{
    "AX": {
        "error": 0.05803762998227258, 
        "fit": "average_SEM", 
        "value": 0.1703324710096543
    }, 
    "CDD": {
        "error": 0.00012762754570889745, 
        "fit": "average_SEM", 
        "value": 0.00010292988651296279
    }, 
    "H1": {
        "error": 0.04976294717116033, 
        "fit": "average_SEM", 
        "value": 0.23621284949282806
    }, 
    "H2": {
        "error": 0.12945114739634522, 
        "fit": "average_SEM", 
        "value": 0.21458893169183285
    }, 
    "L1": {
        "error": 0.33453461126969203, 
        "fit": "average_SEM", 
        "value": 0.14168446067875873
    }, 
    "L2": {
        "error": 0.05866325327217781, 
        "fit": "average_SEM", 
        "value": 0.13753882308568185
    }
}