{
    "AX": {
        "error": 0.054617555430757525, 
        "fit": "average_SEM", 
        "value": -0.01698957403714303
    }, 
    "CDD": {
        "error": 0.00019892526007958444, 
        "fit": "average_SEM", 
        "value": 0.000297951148240827
    }, 
    "H1": {
        "error": 0.1258279499881171, 
        "fit": "average_SEM", 
        "value": 0.38078901410723726
    }, 
    "H2": {
        "error": 0.11595783410412007, 
        "fit": "average_SEM", 
        "value": 0.24675429227063433
    }, 
    "L1": {
        "error": 0.11826208077036823, 
        "fit": "average_SEM", 
        "value": 0.21478685654001312
    }, 
    "L2": {
        "error": 0.19027219015816016, 
        "fit": "average_SEM", 
        "value": 0.4818821218485633
    }
}