{
    "Ar36": {
        "error": 0.0065301996134732084, 
        "fit": "parabolic", 
        "value": 0.26074406946958273
    }, 
    "Ar37": {
        "error": 0.05010528937543493, 
        "fit": "linear", 
        "value": 0.15855580211581446
    }, 
    "Ar38": {
        "error": 0.31639923490483352, 
        "fit": "linear", 
        "value": 0.048754442310207258
    }, 
    "Ar39": {
        "error": 0.058019714860765167, 
        "fit": "parabolic", 
        "value": 0.19781193949456607
    }, 
    "Ar40": {
        "error": 0.087698831159901999, 
        "fit": "parabolic", 
        "value": 78.434300759969759
    }, 
    "Ar41": {
        "error": 0.13166574217569704, 
        "fit": "average_SEM", 
        "value": -0.05766336507942469
    }
}