{
    "Ar36": {
        "error": 0.0060408846137291984, 
        "fit": "parabolic", 
        "value": 0.25980039122785614
    }, 
    "Ar37": {
        "error": 0.052678178904185309, 
        "fit": "linear", 
        "value": 0.15275676615808551
    }, 
    "Ar38": {
        "error": 0.32174944174555598, 
        "fit": "linear", 
        "value": 0.16248817939420204
    }, 
    "Ar39": {
        "error": 0.057435004173373307, 
        "fit": "parabolic", 
        "value": 0.18601784681747513
    }, 
    "Ar40": {
        "error": 0.0927961133596759, 
        "fit": "parabolic", 
        "value": 78.368317397743965
    }, 
    "Ar41": {
        "error": 0.14164959216453027, 
        "fit": "average_SEM", 
        "value": 0.0077742437070992309
    }
}