{
    "Ar36": {
        "error": 0.0057361544515328634, 
        "fit": "parabolic", 
        "value": 0.25795946236626
    }, 
    "Ar37": {
        "error": 0.053715245138491748, 
        "fit": "linear", 
        "value": 0.14687647139296006
    }, 
    "Ar38": {
        "error": 0.19577608996691931, 
        "fit": "linear", 
        "value": 0.1862458179447305
    }, 
    "Ar39": {
        "error": 0.058273040641300886, 
        "fit": "parabolic", 
        "value": 0.066901984060279598
    }, 
    "Ar40": {
        "error": 0.08611370807261004, 
        "fit": "parabolic", 
        "value": 78.601408503370322
    }, 
    "Ar41": {
        "error": 0.12690137398725396, 
        "fit": "average_SEM", 
        "value": 0.038758477174706062
    }
}