{
    "Ar36": {
        "error": 0.0063401849703782287, 
        "fit": "parabolic", 
        "value": 0.25569422564788302
    }, 
    "Ar37": {
        "error": 0.050509953636436671, 
        "fit": "linear", 
        "value": 0.15072941826131411
    }, 
    "Ar38": {
        "error": 0.23143372557840428, 
        "fit": "linear", 
        "value": 0.14105729719823759
    }, 
    "Ar39": {
        "error": 0.057363079655550882, 
        "fit": "parabolic", 
        "value": 0.16646860889322468
    }, 
    "Ar40": {
        "error": 0.088572962416984494, 
        "fit": "parabolic", 
        "value": 77.765237950560078
    }, 
    "Ar41": {
        "error": 0.11916898127047355, 
        "fit": "average_SEM", 
        "value": -0.025977585754153553
    }
}