{
    "Ar36": {
        "error": 0.0064673011186398999, 
        "fit": "parabolic", 
        "value": 0.25887223535221932
    }, 
    "Ar37": {
        "error": 0.051869833194973423, 
        "fit": "linear", 
        "value": 0.14889368195355815
    }, 
    "Ar38": {
        "error": 0.29242705834738447, 
        "fit": "linear", 
        "value": 0.11274685609684774
    }, 
    "Ar39": {
        "error": 0.060016184258700082, 
        "fit": "parabolic", 
        "value": 0.17291294811725721
    }, 
    "Ar40": {
        "error": 0.087726470025494635, 
        "fit": "parabolic", 
        "value": 78.499524638720132
    }, 
    "Ar41": {
        "error": 0.13994046666473242, 
        "fit": "average_SEM", 
        "value": 0.00074175642737827729
    }
}