{
    "Ar36": {
        "error": 0.0066850152495154446, 
        "fit": "parabolic", 
        "value": 0.25766983636937113
    }, 
    "Ar37": {
        "error": 0.050831024315627159, 
        "fit": "linear", 
        "value": 0.15987617789509506
    }, 
    "Ar38": {
        "error": 0.33723095298216016, 
        "fit": "linear", 
        "value": 0.16834120817429382
    }, 
    "Ar39": {
        "error": 0.060419734102881713, 
        "fit": "parabolic", 
        "value": 0.2030035775156791
    }, 
    "Ar40": {
        "error": 0.086912411391429356, 
        "fit": "parabolic", 
        "value": 78.156207012855816
    }, 
    "Ar41": {
        "error": 0.11844657735368339, 
        "fit": "average_SEM", 
        "value": 0.20130887259903829
    }
}