{
    "Ar36": {
        "error": 0.006560283266999061, 
        "fit": "parabolic", 
        "value": 0.25791012609515362
    }, 
    "Ar37": {
        "error": 0.052913248473101852, 
        "fit": "linear", 
        "value": 0.1479819101233294
    }, 
    "Ar38": {
        "error": 0.24272999016478794, 
        "fit": "linear", 
        "value": 0.17735765156564043
    }, 
    "Ar39": {
        "error": 0.058849700634701393, 
        "fit": "parabolic", 
        "value": 0.09187295285834475
    }, 
    "Ar40": {
        "error": 0.084201200142584656, 
        "fit": "parabolic", 
        "value": 78.414407049062348
    }, 
    "Ar41": {
        "error": 0.12449086099341032, 
        "fit": "average_SEM", 
        "value": 0.027665530001686419
    }
}