{
    "Ar36": {
        "error": 0.0062972097383169473, 
        "fit": "parabolic", 
        "value": 0.25919730761483184
    }, 
    "Ar37": {
        "error": 0.051521156547001713, 
        "fit": "linear", 
        "value": 0.1508169996317269
    }, 
    "Ar38": {
        "error": 0.32625086935021935, 
        "fit": "linear", 
        "value": 0.062927748609639914
    }, 
    "Ar39": {
        "error": 0.058967728119600202, 
        "fit": "parabolic", 
        "value": 0.18271839330901399
    }, 
    "Ar40": {
        "error": 0.087322375176991346, 
        "fit": "parabolic", 
        "value": 78.326141493752459
    }, 
    "Ar41": {
        "error": 0.13289289470914922, 
        "fit": "average_SEM", 
        "value": -0.068495550407096747
    }
}