{
    "Ar36": {
        "error": 0.00096599493237649401, 
        "fit": "parabolic", 
        "value": 0.0028968873132486379
    }, 
    "Ar37": {
        "error": 0.053499846042800385, 
        "fit": "linear", 
        "value": 0.15602047165811964
    }, 
    "Ar38": {
        "error": 0.20029030144809509, 
        "fit": "linear", 
        "value": -0.017115496236845114
    }, 
    "Ar39": {
        "error": 0.0050957132071972602, 
        "fit": "parabolic", 
        "value": 0.012830274406735412
    }, 
    "Ar40": {
        "error": 0.076253660198867021, 
        "fit": "parabolic", 
        "value": 0.94797070655345017
    }, 
    "Ar41": {
        "error": 0.12259815920326822, 
        "fit": "average_SEM", 
        "value": -0.12259017746950526
    }
}