{
    "Ar36": {
        "error": 0.00096912086884126376, 
        "fit": "parabolic", 
        "value": 0.0028137305752236937
    }, 
    "Ar37": {
        "error": 0.054225673581400069, 
        "fit": "linear", 
        "value": 0.16474655887264633
    }, 
    "Ar38": {
        "error": 0.30806245295068407, 
        "fit": "linear", 
        "value": 0.023977070055000976
    }, 
    "Ar39": {
        "error": 0.007833806719203449, 
        "fit": "parabolic", 
        "value": 0.014508587948383736
    }, 
    "Ar40": {
        "error": 0.17714336435313804, 
        "fit": "parabolic", 
        "value": 0.92919312632056816
    }, 
    "Ar41": {
        "error": 0.12962885472702038, 
        "fit": "average_SEM", 
        "value": -0.068050558842595713
    }
}