{
    "Ar36": {
        "error": 0.0010995995272854461, 
        "fit": "parabolic", 
        "value": 0.0031046315763902394
    }, 
    "Ar37": {
        "error": 0.049118569479927585, 
        "fit": "linear", 
        "value": 0.14809316407626749
    }, 
    "Ar38": {
        "error": 0.30166606984767941, 
        "fit": "linear", 
        "value": 0.13078186921420709
    }, 
    "Ar39": {
        "error": 0.0068055077304005384, 
        "fit": "parabolic", 
        "value": 0.013712447408268017
    }, 
    "Ar40": {
        "error": 0.15026671458542021, 
        "fit": "parabolic", 
        "value": 0.89430317947283122
    }, 
    "Ar41": {
        "error": 0.12190522736231257, 
        "fit": "average_SEM", 
        "value": 0.043940874030253055
    }
}