{
    "Ar36": {
        "error": 0.001182433586070871, 
        "fit": "parabolic", 
        "value": 0.0042829690992089303
    }, 
    "Ar37": {
        "error": 0.057564855794934242, 
        "fit": "linear", 
        "value": 0.15303973443915458
    }, 
    "Ar38": {
        "error": 0.18477224770112829, 
        "fit": "linear", 
        "value": 0.020667472512848194
    }, 
    "Ar39": {
        "error": 0.0054160057257819647, 
        "fit": "parabolic", 
        "value": 0.013770082672273974
    }, 
    "Ar40": {
        "error": 0.14944171986086335, 
        "fit": "parabolic", 
        "value": 1.3984441488677057
    }, 
    "Ar41": {
        "error": 0.12107768595183202, 
        "fit": "average_SEM", 
        "value": -0.09143675302863509
    }
}