{
    "Ar36": {
        "error": 0.0011247729645853125, 
        "fit": "parabolic", 
        "value": 0.0031126096939906901
    }, 
    "Ar37": {
        "error": 0.055116739729801779, 
        "fit": "linear", 
        "value": 0.15442941093722601
    }, 
    "Ar38": {
        "error": 0.33428929775924326, 
        "fit": "linear", 
        "value": 0.13571142565300182
    }, 
    "Ar39": {
        "error": 0.0073487991980520839, 
        "fit": "parabolic", 
        "value": 0.014195567470979232
    }, 
    "Ar40": {
        "error": 0.16426942705572203, 
        "fit": "parabolic", 
        "value": 0.94873560864200224
    }, 
    "Ar41": {
        "error": 0.12159774198943905, 
        "fit": "average_SEM", 
        "value": 0.20674121691845357
    }
}