{
    "Ar36": {
        "error": 0.0010227726221556461, 
        "fit": "parabolic", 
        "value": 0.0031415232900578721
    }, 
    "Ar37": {
        "error": 0.051633871492865586, 
        "fit": "linear", 
        "value": 0.15465614897857677
    }, 
    "Ar38": {
        "error": 0.33724721511439715, 
        "fit": "linear", 
        "value": 0.12325050246740599
    }, 
    "Ar39": {
        "error": 0.0067867653494186487, 
        "fit": "parabolic", 
        "value": 0.0094245253417511721
    }, 
    "Ar40": {
        "error": 0.1249050473146083, 
        "fit": "parabolic", 
        "value": 0.85984977893920311
    }, 
    "Ar41": {
        "error": 0.13398223000496837, 
        "fit": "average_SEM", 
        "value": 0.02871379114496651
    }
}