{
    "Ar36": {
        "error": 0.0010643472836735551, 
        "fit": "parabolic", 
        "value": 0.0035853888073677171
    }, 
    "Ar37": {
        "error": 0.054833037024535486, 
        "fit": "linear", 
        "value": 0.14754026594916667
    }, 
    "Ar38": {
        "error": 0.19925454318969857, 
        "fit": "linear", 
        "value": 0.15641232477584671
    }, 
    "Ar39": {
        "error": 0.055033909783743257, 
        "fit": "parabolic", 
        "value": 0.072342961660831831
    }, 
    "Ar40": {
        "error": 0.058100292171649533, 
        "fit": "parabolic", 
        "value": 1.1077156079297528
    }, 
    "Ar41": {
        "error": 0.12957739592813852, 
        "fit": "average_SEM", 
        "value": 0.053023386119457429
    }
}