{
    "Ar36": {
        "error": 0.0010002343292961301, 
        "fit": "parabolic", 
        "value": 0.0033900316175608423
    }, 
    "Ar37": {
        "error": 0.056921902651507254, 
        "fit": "linear", 
        "value": 0.14426418920888948
    }, 
    "Ar38": {
        "error": 0.30528829307367233, 
        "fit": "linear", 
        "value": 0.053848326413396055
    }, 
    "Ar39": {
        "error": 0.0066014117096636635, 
        "fit": "parabolic", 
        "value": 0.0090127713627940302
    }, 
    "Ar40": {
        "error": 0.14463485861711847, 
        "fit": "parabolic", 
        "value": 0.96661106764144944
    }, 
    "Ar41": {
        "error": 0.13404115091951935, 
        "fit": "average_SEM", 
        "value": -0.008618584390812126
    }
}