{
    "Ar36": {
        "error": 0.0011946676540155127, 
        "fit": "parabolic", 
        "value": 0.0054733147379479059
    }, 
    "Ar37": {
        "error": 0.05136947858815092, 
        "fit": "linear", 
        "value": 0.15663120242006678
    }, 
    "Ar38": {
        "error": 0.2392812558239413, 
        "fit": "linear", 
        "value": 0.082541457695226944
    }, 
    "Ar39": {
        "error": 0.0068238677921798052, 
        "fit": "parabolic", 
        "value": 0.017915109050953122
    }, 
    "Ar40": {
        "error": 0.21250295934590763, 
        "fit": "parabolic", 
        "value": 1.6878102839047044
    }, 
    "Ar41": {
        "error": 0.12450631155901143, 
        "fit": "average_SEM", 
        "value": -0.03364658530416717
    }
}