{
    "Ar36": {
        "error": 0.0010340496650008545, 
        "fit": "parabolic", 
        "value": 0.0029974074839471303
    }, 
    "Ar37": {
        "error": 0.065345448029496447, 
        "fit": "linear", 
        "value": 0.15476401416292906
    }, 
    "Ar38": {
        "error": 0.32016961594613813, 
        "fit": "linear", 
        "value": 0.13388434276675959
    }, 
    "Ar39": {
        "error": 0.0075945475231491101, 
        "fit": "parabolic", 
        "value": 0.010014300996168417
    }, 
    "Ar40": {
        "error": 0.17941720534453734, 
        "fit": "parabolic", 
        "value": 0.89346381397505903
    }, 
    "Ar41": {
        "error": 0.13394514696104995, 
        "fit": "average_SEM", 
        "value": -0.00022498631862820023
    }
}