{
    "Ar36": {
        "error": 0.0010043482554128657, 
        "fit": "parabolic", 
        "value": 0.0025756380555475287
    }, 
    "Ar37": {
        "error": 0.051520429262200892, 
        "fit": "linear", 
        "value": 0.15268644342814969
    }, 
    "Ar38": {
        "error": 0.32234569254543133, 
        "fit": "linear", 
        "value": 0.029099646247548999
    }, 
    "Ar39": {
        "error": 0.0044504488519085386, 
        "fit": "parabolic", 
        "value": 0.010236129871963555
    }, 
    "Ar40": {
        "error": 0.084638222226479431, 
        "fit": "parabolic", 
        "value": 0.88347795127952089
    }, 
    "Ar41": {
        "error": 0.12646876180224276, 
        "fit": "average_SEM", 
        "value": 0.20441083432071738
    }
}