{
    "Ar36": {
        "error": 0.0011976715545397819, 
        "fit": "parabolic", 
        "value": 0.0056571192204295864
    }, 
    "Ar37": {
        "error": 0.054099523854081878, 
        "fit": "linear", 
        "value": 0.15958421140989915
    }, 
    "Ar38": {
        "error": 0.222938597119897, 
        "fit": "linear", 
        "value": 0.075957616891990432
    }, 
    "Ar39": {
        "error": 0.0076481117014905878, 
        "fit": "parabolic", 
        "value": 0.019039843649171422
    }, 
    "Ar40": {
        "error": 0.18586187269763163, 
        "fit": "parabolic", 
        "value": 1.7931910761647258
    }, 
    "Ar41": {
        "error": 0.10951929358866913, 
        "fit": "average_SEM", 
        "value": -0.033412820390852478
    }
}