{
    "Ar36": {
        "error": 0.0011075506185148057, 
        "fit": "parabolic", 
        "value": 0.003914647677961092
    }, 
    "Ar37": {
        "error": 0.048837934452959905, 
        "fit": "linear", 
        "value": 0.16128227261310032
    }, 
    "Ar38": {
        "error": 0.32600281324585434, 
        "fit": "linear", 
        "value": 0.13800078557105577
    }, 
    "Ar39": {
        "error": 0.0073915517014471787, 
        "fit": "parabolic", 
        "value": 0.014754152419200708
    }, 
    "Ar40": {
        "error": 0.20465560338052449, 
        "fit": "parabolic", 
        "value": 0.96712952234763994
    }, 
    "Ar41": {
        "error": 0.12870034904943076, 
        "fit": "average_SEM", 
        "value": 0.0087445849797808881
    }
}