{
    "Ar36": {
        "error": 0.0011577037855784052, 
        "fit": "parabolic", 
        "value": 0.0033742427123525849
    }, 
    "Ar37": {
        "error": 0.055528166329777438, 
        "fit": "linear", 
        "value": 0.15766473860092167
    }, 
    "Ar38": {
        "error": 0.32431435253749874, 
        "fit": "linear", 
        "value": 0.054909525515823523
    }, 
    "Ar39": {
        "error": 0.0072531086941335079, 
        "fit": "parabolic", 
        "value": 0.011044541498075124
    }, 
    "Ar40": {
        "error": 0.15124724828626077, 
        "fit": "parabolic", 
        "value": 0.96738962490148195
    }, 
    "Ar41": {
        "error": 0.12992957636839497, 
        "fit": "average_SEM", 
        "value": -0.067483487994306618
    }
}