{
    "Ar36": {
        "error": 0.00091480735830321664, 
        "fit": "parabolic", 
        "value": 0.0033563149998568449
    }, 
    "Ar37": {
        "error": 0.049320167187626704, 
        "fit": "linear", 
        "value": 0.15070290212256404
    }, 
    "Ar38": {
        "error": 0.21336347038184264, 
        "fit": "linear", 
        "value": 0.12677370526935511
    }, 
    "Ar39": {
        "error": 0.052339669444834605, 
        "fit": "parabolic", 
        "value": 0.057035643089248918
    }, 
    "Ar40": {
        "error": 0.04746012712132254, 
        "fit": "parabolic", 
        "value": 1.0240202164275862
    }, 
    "Ar41": {
        "error": 0.13655724524231072, 
        "fit": "average_SEM", 
        "value": 0.04037210965019767
    }
}