{
    "Ar36": {
        "error": 0.001084094157796076, 
        "fit": "parabolic", 
        "value": 0.0034617277280395405
    }, 
    "Ar37": {
        "error": 0.05303903293644216, 
        "fit": "linear", 
        "value": 0.15552321489463752
    }, 
    "Ar38": {
        "error": 0.3207157956290192, 
        "fit": "linear", 
        "value": 0.045807695614120542
    }, 
    "Ar39": {
        "error": 0.0077031587183565104, 
        "fit": "parabolic", 
        "value": 0.013836546948360826
    }, 
    "Ar40": {
        "error": 0.18547845624573769, 
        "fit": "parabolic", 
        "value": 1.0272118275227089
    }, 
    "Ar41": {
        "error": 0.13565354984408357, 
        "fit": "average_SEM", 
        "value": -0.035468784850026067
    }
}