{
    "Ar36": {
        "error": 0.0009576546832776305, 
        "fit": "parabolic", 
        "value": 0.0028487213848328338
    }, 
    "Ar37": {
        "error": 0.051760117045010684, 
        "fit": "linear", 
        "value": 0.1440929034036251
    }, 
    "Ar38": {
        "error": 0.2008169608144485, 
        "fit": "linear", 
        "value": -0.0023449140147430193
    }, 
    "Ar39": {
        "error": 0.0048385327416823887, 
        "fit": "parabolic", 
        "value": 0.0089387805403609247
    }, 
    "Ar40": {
        "error": 0.082698367457261432, 
        "fit": "parabolic", 
        "value": 0.92656389179413989
    }, 
    "Ar41": {
        "error": 0.12348473461441552, 
        "fit": "average_SEM", 
        "value": -0.13193753831195257
    }
}