{
    "Ar36": {
        "error": 0.0011304438733807799, 
        "fit": "parabolic", 
        "value": 0.0034736560931911036
    }, 
    "Ar37": {
        "error": 0.055977901225913375, 
        "fit": "linear", 
        "value": 0.15850499742845822
    }, 
    "Ar38": {
        "error": 0.34079514656394633, 
        "fit": "linear", 
        "value": 0.1256254673394761
    }, 
    "Ar39": {
        "error": 0.0081761758722181041, 
        "fit": "parabolic", 
        "value": 0.015012549783344799
    }, 
    "Ar40": {
        "error": 0.20511406683386338, 
        "fit": "parabolic", 
        "value": 0.98885392145643691
    }, 
    "Ar41": {
        "error": 0.13325488628445303, 
        "fit": "average_SEM", 
        "value": 0.00064933619093305119
    }
}