{
    "Ar36": {
        "error": 0.0010485742899842281, 
        "fit": "parabolic", 
        "value": 0.0033573264138368822
    }, 
    "Ar37": {
        "error": 0.047646785056263942, 
        "fit": "linear", 
        "value": 0.15829912527407855
    }, 
    "Ar38": {
        "error": 0.33213195458926781, 
        "fit": "linear", 
        "value": 0.16886214709298561
    }, 
    "Ar39": {
        "error": 0.0088824131644560846, 
        "fit": "parabolic", 
        "value": 0.014518266133602346
    }, 
    "Ar40": {
        "error": 0.1736358655004894, 
        "fit": "parabolic", 
        "value": 0.95338012023435137
    }, 
    "Ar41": {
        "error": 0.13063956186754061, 
        "fit": "average_SEM", 
        "value": 0.21120055232895538
    }
}