{
    "AX": {
        "error": 0.05788544740349207, 
        "fit": "average_SEM", 
        "value": 0.17240907814767625
    }, 
    "CDD": {
        "error": 0.0001893775108534037, 
        "fit": "average_SEM", 
        "value": 0.00020761926425620912
    }, 
    "H1": {
        "error": 0.05218013276265933, 
        "fit": "average_SEM", 
        "value": 0.26498207565810944
    }, 
    "H2": {
        "error": 0.1081469207291767, 
        "fit": "average_SEM", 
        "value": 0.17556612101001923
    }, 
    "L1": {
        "error": 0.3456913517428964, 
        "fit": "average_SEM", 
        "value": 0.13092850671479633
    }, 
    "L2": {
        "error": 0.05208148980741833, 
        "fit": "average_SEM", 
        "value": 0.13985030413023197
    }
}