{
    "AX": {
        "error": 0.05592823422256879, 
        "fit": "average_SEM", 
        "value": 0.16946684236431286
    }, 
    "CDD": {
        "error": 0.00018577253555569488, 
        "fit": "average_SEM", 
        "value": 0.00023928999968726808
    }, 
    "H1": {
        "error": 0.04864399162225653, 
        "fit": "average_SEM", 
        "value": 0.2620313472217984
    }, 
    "H2": {
        "error": 0.13145058826388445, 
        "fit": "average_SEM", 
        "value": 0.21789264264516534
    }, 
    "L1": {
        "error": 0.2981947997938768, 
        "fit": "average_SEM", 
        "value": 0.1316631061438885
    }, 
    "L2": {
        "error": 0.04690257031966065, 
        "fit": "average_SEM", 
        "value": 0.13578193688558207
    }
}