{
    "AX": {
        "error": 0.05226291080595066, 
        "fit": "average_SEM", 
        "value": 0.1715464150119159
    }, 
    "CDD": {
        "error": 0.0001762250898505063, 
        "fit": "average_SEM", 
        "value": 0.000246327941001962
    }, 
    "H1": {
        "error": 0.05228743897952941, 
        "fit": "average_SEM", 
        "value": 0.27902877512905333
    }, 
    "H2": {
        "error": 0.12330905601477338, 
        "fit": "average_SEM", 
        "value": 0.19139303039345476
    }, 
    "L1": {
        "error": 0.3026800468936891, 
        "fit": "average_SEM", 
        "value": 0.12455964010829727
    }, 
    "L2": {
        "error": 0.05284015344536734, 
        "fit": "average_SEM", 
        "value": 0.13861050591416035
    }
}