{
    "AX": {
        "error": 0.047378252525971117, 
        "fit": "average_SEM", 
        "value": 0.16264537630809678
    }, 
    "CDD": {
        "error": 0.00016154397238323846, 
        "fit": "average_SEM", 
        "value": 0.00019706235099066464
    }, 
    "H1": {
        "error": 0.04767396545766616, 
        "fit": "average_SEM", 
        "value": 0.2674612800280253
    }, 
    "H2": {
        "error": 0.12630332212901332, 
        "fit": "average_SEM", 
        "value": 0.20096126240096054
    }, 
    "L1": {
        "error": 0.3484010844463519, 
        "fit": "average_SEM", 
        "value": 0.11541760001952449
    }, 
    "L2": {
        "error": 0.051456034693220846, 
        "fit": "average_SEM", 
        "value": 0.13681432535457944
    }
}