{
    "AX": {
        "error": 0.051154515889358855, 
        "fit": "average_SEM", 
        "value": 0.16480415848394234
    }, 
    "CDD": {
        "error": 0.00014975788174265852, 
        "fit": "average_SEM", 
        "value": 0.0001477967613027431
    }, 
    "H1": {
        "error": 0.05185932335209602, 
        "fit": "average_SEM", 
        "value": 0.26327982536620564
    }, 
    "H2": {
        "error": 0.13273766668185522, 
        "fit": "average_SEM", 
        "value": 0.1972210970086356
    }, 
    "L1": {
        "error": 0.3190229418545296, 
        "fit": "average_SEM", 
        "value": 0.11191666390643351
    }, 
    "L2": {
        "error": 0.0460322049386496, 
        "fit": "average_SEM", 
        "value": 0.13920941117943988
    }
}