{
    "AX": {
        "error": 0.05842416634312442, 
        "fit": "average_SEM", 
        "value": 0.17615321634544268
    }, 
    "CDD": {
        "error": 0.00011869109807891561, 
        "fit": "average_SEM", 
        "value": 0.00010556911341457938
    }, 
    "H1": {
        "error": 0.04609991830253403, 
        "fit": "average_SEM", 
        "value": 0.23803899470302795
    }, 
    "H2": {
        "error": 0.12568041836909424, 
        "fit": "average_SEM", 
        "value": 0.20225561696311667
    }, 
    "L1": {
        "error": 0.3240632448551199, 
        "fit": "average_SEM", 
        "value": 0.10690119983628392
    }, 
    "L2": {
        "error": 0.049501604746113426, 
        "fit": "average_SEM", 
        "value": 0.14565215232885545
    }
}