{
    "AX": {
        "error": 0.05134178302335605, 
        "fit": "average_SEM", 
        "value": 0.1650651678442955
    }, 
    "CDD": {
        "error": 0.00014946493503937352, 
        "fit": "average_SEM", 
        "value": 0.00010908808601218172
    }, 
    "H1": {
        "error": 0.049263504381401056, 
        "fit": "average_SEM", 
        "value": 0.24128249800867504
    }, 
    "H2": {
        "error": 0.13352356605869103, 
        "fit": "average_SEM", 
        "value": 0.19562190542023422
    }, 
    "L1": {
        "error": 0.3252459302464252, 
        "fit": "average_SEM", 
        "value": 0.09310936047178175
    }, 
    "L2": {
        "error": 0.0561170975154117, 
        "fit": "average_SEM", 
        "value": 0.14055727550552952
    }
}