{
    "AX": {
        "error": 0.055650005564533235, 
        "fit": "average_SEM", 
        "value": 0.16904330485396915
    }, 
    "CDD": {
        "error": 0.00012064009501396777, 
        "fit": "average_SEM", 
        "value": 0.00013899933449768772
    }, 
    "H1": {
        "error": 0.05365557702600879, 
        "fit": "average_SEM", 
        "value": 0.2598456388546361
    }, 
    "H2": {
        "error": 0.10909739926843837, 
        "fit": "average_SEM", 
        "value": 0.15432127033046628
    }, 
    "L1": {
        "error": 0.3292137057970631, 
        "fit": "average_SEM", 
        "value": 0.1033880449721538
    }, 
    "L2": {
        "error": 0.05196577187774101, 
        "fit": "average_SEM", 
        "value": 0.13903896913139357
    }
}