{
    "AX": {
        "error": 0.05689264502940525, 
        "fit": "average_SEM", 
        "value": 0.1762936449299256
    }, 
    "CDD": {
        "error": 0.00017411624306076827, 
        "fit": "average_SEM", 
        "value": 0.00014779676146443107
    }, 
    "H1": {
        "error": 0.050959652378019055, 
        "fit": "average_SEM", 
        "value": 0.24990719788604313
    }, 
    "H2": {
        "error": 0.1288415406137176, 
        "fit": "average_SEM", 
        "value": 0.18000696760912735
    }, 
    "L1": {
        "error": 0.31236016485389895, 
        "fit": "average_SEM", 
        "value": 0.10906664492148492
    }, 
    "L2": {
        "error": 0.04854783438351005, 
        "fit": "average_SEM", 
        "value": 0.13844599848509662
    }
}