{
    "AX": {
        "error": 0.05304689748430695, 
        "fit": "average_SEM", 
        "value": 0.17347109483348
    }, 
    "CDD": {
        "error": 0.00016952480045755324, 
        "fit": "average_SEM", 
        "value": 0.0001583536752150394
    }, 
    "H1": {
        "error": 0.047610833410058735, 
        "fit": "average_SEM", 
        "value": 0.25555381725231807
    }, 
    "H2": {
        "error": 0.1216146773361726, 
        "fit": "average_SEM", 
        "value": 0.186612739887399
    }, 
    "L1": {
        "error": 0.3264778818557083, 
        "fit": "average_SEM", 
        "value": 0.13294395314943458
    }, 
    "L2": {
        "error": 0.050758814660899244, 
        "fit": "average_SEM", 
        "value": 0.14889693049093086
    }
}