{
    "AX": {
        "error": 0.0542484529218761, 
        "fit": "average_SEM", 
        "value": 0.17897712459994686
    }, 
    "CDD": {
        "error": 0.0001773672074231463, 
        "fit": "average_SEM", 
        "value": 0.00020937874861475493
    }, 
    "H1": {
        "error": 0.050235255965870515, 
        "fit": "average_SEM", 
        "value": 0.25295735514826245
    }, 
    "H2": {
        "error": 0.13347006226615674, 
        "fit": "average_SEM", 
        "value": 0.18571494071384223
    }, 
    "L1": {
        "error": 0.32872811601193974, 
        "fit": "average_SEM", 
        "value": 0.1304321452250911
    }, 
    "L2": {
        "error": 0.05332710561447531, 
        "fit": "average_SEM", 
        "value": 0.13963911169105106
    }
}