{
    "AX": {
        "error": 0.06429695370469099, 
        "fit": "average_SEM", 
        "value": 0.17545955973780816
    }, 
    "CDD": {
        "error": 0.00018117410117005618, 
        "fit": "average_SEM", 
        "value": 0.00018474595320488635
    }, 
    "H1": {
        "error": 0.04329048700211679, 
        "fit": "average_SEM", 
        "value": 0.2527414738304085
    }, 
    "H2": {
        "error": 0.12402004197196516, 
        "fit": "average_SEM", 
        "value": 0.20576398122486556
    }, 
    "L1": {
        "error": 0.3287037513540227, 
        "fit": "average_SEM", 
        "value": 0.1232207905087206
    }, 
    "L2": {
        "error": 0.04755877254620193, 
        "fit": "average_SEM", 
        "value": 0.13906798230277168
    }
}