{
    "AX": {
        "error": 0.059435123437413646, 
        "fit": "average_SEM", 
        "value": 0.1801123053663307
    }, 
    "CDD": {
        "error": 0.00013955390607003695, 
        "fit": "average_SEM", 
        "value": 0.00011788551136204559
    }, 
    "H1": {
        "error": 0.05099156336839508, 
        "fit": "average_SEM", 
        "value": 0.2404955060945617
    }, 
    "H2": {
        "error": 0.1318305826856436, 
        "fit": "average_SEM", 
        "value": 0.2001731409277353
    }, 
    "L1": {
        "error": 0.334274520084013, 
        "fit": "average_SEM", 
        "value": 0.09955393019028835
    }, 
    "L2": {
        "error": 0.05324792869571294, 
        "fit": "average_SEM", 
        "value": 0.1347607692082723
    }
}