{
    "AX": {
        "error": 0.05780910477752641, 
        "fit": "average_SEM", 
        "value": 0.17185858754027222
    }, 
    "CDD": {
        "error": 0.00014292300922660387, 
        "fit": "average_SEM", 
        "value": 0.0001319613939914335
    }, 
    "H1": {
        "error": 0.05258542511699013, 
        "fit": "average_SEM", 
        "value": 0.24047216748197872
    }, 
    "H2": {
        "error": 0.11686151862271274, 
        "fit": "average_SEM", 
        "value": 0.21202317806633397
    }, 
    "L1": {
        "error": 0.3240667100581949, 
        "fit": "average_SEM", 
        "value": 0.1214026416056893
    }, 
    "L2": {
        "error": 0.04876216210656996, 
        "fit": "average_SEM", 
        "value": 0.14603942330512737
    }
}