{
    "AX": {
        "error": 0.054762055395549576, 
        "fit": "average_SEM", 
        "value": 0.18070521683742602
    }, 
    "CDD": {
        "error": 0.00022045183543890583, 
        "fit": "average_SEM", 
        "value": 0.00027096073625014266
    }, 
    "H1": {
        "error": 0.05525082144111183, 
        "fit": "average_SEM", 
        "value": 0.2725318859020869
    }, 
    "H2": {
        "error": 0.12820212243962897, 
        "fit": "average_SEM", 
        "value": 0.20757217140764825
    }, 
    "L1": {
        "error": 0.3533606739026131, 
        "fit": "average_SEM", 
        "value": 0.12703083266193668
    }, 
    "L2": {
        "error": 0.05474875225304595, 
        "fit": "average_SEM", 
        "value": 0.13855872309456269
    }
}