{
    "AX": {
        "error": 0.049201195399592654, 
        "fit": "average_SEM", 
        "value": 0.17806696001854208
    }, 
    "CDD": {
        "error": 0.0001256731435223471, 
        "fit": "average_SEM", 
        "value": 0.00011436653973457093
    }, 
    "H1": {
        "error": 0.04025410504841089, 
        "fit": "average_SEM", 
        "value": 0.23637781838576
    }, 
    "H2": {
        "error": 0.13247979424869705, 
        "fit": "average_SEM", 
        "value": 0.2123173566742076
    }, 
    "L1": {
        "error": 0.30593200726511816, 
        "fit": "average_SEM", 
        "value": 0.14451235334078472
    }, 
    "L2": {
        "error": 0.05024410661497478, 
        "fit": "average_SEM", 
        "value": 0.13737584120697446
    }
}