{
    "AX": {
        "error": 0.050878866098976135, 
        "fit": "average_SEM", 
        "value": 0.175882235997253
    }, 
    "CDD": {
        "error": 9.330660263056485e-05, 
        "fit": "average_SEM", 
        "value": 4.7506100478737305e-05
    }, 
    "H1": {
        "error": 0.04544655186392764, 
        "fit": "average_SEM", 
        "value": 0.22087115479840172
    }, 
    "H2": {
        "error": 0.12263669000803962, 
        "fit": "average_SEM", 
        "value": 0.2344439237068097
    }, 
    "L1": {
        "error": 0.3246275343799461, 
        "fit": "average_SEM", 
        "value": 0.12406267252647214
    }, 
    "L2": {
        "error": 0.049005533516309846, 
        "fit": "average_SEM", 
        "value": 0.13741141087892983
    }
}