{
    "AX": {
        "error": 0.055146670686137676, 
        "fit": "average_SEM", 
        "value": 0.17203649750186337
    }, 
    "CDD": {
        "error": 0.0001467701299639603, 
        "fit": "average_SEM", 
        "value": 0.00014603727678250936
    }, 
    "H1": {
        "error": 0.048330817441109196, 
        "fit": "average_SEM", 
        "value": 0.2375929906964302
    }, 
    "H2": {
        "error": 0.1394869541817684, 
        "fit": "average_SEM", 
        "value": 0.20592868031106062
    }, 
    "L1": {
        "error": 0.3136408412526475, 
        "fit": "average_SEM", 
        "value": 0.10866452113000882
    }, 
    "L2": {
        "error": 0.04553196439481158, 
        "fit": "average_SEM", 
        "value": 0.1401909601357248
    }
}