{
    "AX": {
        "error": 0.05418409804700744, 
        "fit": "average_SEM", 
        "value": 0.16747956424951554
    }, 
    "CDD": {
        "error": 0.0001223791629091997, 
        "fit": "average_SEM", 
        "value": 9.853117355507695e-05
    }, 
    "H1": {
        "error": 0.041907240365759525, 
        "fit": "average_SEM", 
        "value": 0.2271566121942467
    }, 
    "H2": {
        "error": 0.11966660054151994, 
        "fit": "average_SEM", 
        "value": 0.2043483149926437
    }, 
    "L1": {
        "error": 0.3262610915529623, 
        "fit": "average_SEM", 
        "value": 0.11476165597430533
    }, 
    "L2": {
        "error": 0.045078031273588066, 
        "fit": "average_SEM", 
        "value": 0.12848920449614526
    }
}