{
    "AX": {
        "error": 0.05352419435651767, 
        "fit": "average_SEM", 
        "value": 0.1754978175378508
    }, 
    "CDD": {
        "error": 0.00015682404087647393, 
        "fit": "average_SEM", 
        "value": 0.00017242955638923578
    }, 
    "H1": {
        "error": 0.046920851908198474, 
        "fit": "average_SEM", 
        "value": 0.2605754867196083
    }, 
    "H2": {
        "error": 0.11844025611476351, 
        "fit": "average_SEM", 
        "value": 0.20639716712111195
    }, 
    "L1": {
        "error": 0.3228666456535734, 
        "fit": "average_SEM", 
        "value": 0.1289371942066484
    }, 
    "L2": {
        "error": 0.047911769200016656, 
        "fit": "average_SEM", 
        "value": 0.13280739065553968
    }
}