{
    "AX": {
        "error": 0.06705166927353814, 
        "fit": "average_SEM", 
        "value": 0.187711068491141
    }, 
    "CDD": {
        "error": 0.0001523690496252711, 
        "fit": "average_SEM", 
        "value": 0.00012668293849047688
    }, 
    "H1": {
        "error": 0.04833264200751748, 
        "fit": "average_SEM", 
        "value": 0.23400830941067802
    }, 
    "H2": {
        "error": 0.11712973242210163, 
        "fit": "average_SEM", 
        "value": 0.17106408373866644
    }, 
    "L1": {
        "error": 0.33144190201537904, 
        "fit": "average_SEM", 
        "value": 0.09309823045300113
    }, 
    "L2": {
        "error": 0.0436319629357253, 
        "fit": "average_SEM", 
        "value": 0.14063608224193255
    }
}