{
    "AX": {
        "error": 0.0659618395986466, 
        "fit": "average_SEM", 
        "value": 0.17109732596824567
    }, 
    "CDD": {
        "error": 0.00011844026270672189, 
        "fit": "average_SEM", 
        "value": 9.325271692230469e-05
    }, 
    "H1": {
        "error": 0.044570278593634396, 
        "fit": "average_SEM", 
        "value": 0.2348533456524213
    }, 
    "H2": {
        "error": 0.14154242303338446, 
        "fit": "average_SEM", 
        "value": 0.20560632132821613
    }, 
    "L1": {
        "error": 0.30931388593854203, 
        "fit": "average_SEM", 
        "value": 0.1375387262294276
    }, 
    "L2": {
        "error": 0.059161047022193054, 
        "fit": "average_SEM", 
        "value": 0.14418036819746097
    }
}