{
    "AX": {
        "error": 0.05334043687028795, 
        "fit": "average_SEM", 
        "value": 0.18568264684743352
    }, 
    "CDD": {
        "error": 0.0001173782350702607, 
        "fit": "average_SEM", 
        "value": 0.0001002906580753107
    }, 
    "H1": {
        "error": 0.04776414329896999, 
        "fit": "average_SEM", 
        "value": 0.22096349191334513
    }, 
    "H2": {
        "error": 0.12186450365418917, 
        "fit": "average_SEM", 
        "value": 0.19673060602508485
    }, 
    "L1": {
        "error": 0.3239326089960979, 
        "fit": "average_SEM", 
        "value": 0.061339545151632695
    }, 
    "L2": {
        "error": 0.05449125628558778, 
        "fit": "average_SEM", 
        "value": 0.14541856168458858
    }
}