{
    "AX": {
        "error": 0.058606053903595294, 
        "fit": "average_SEM", 
        "value": 0.16943873209464883
    }, 
    "CDD": {
        "error": 0.00018384141007694602, 
        "fit": "average_SEM", 
        "value": 0.00022521411835138376
    }, 
    "H1": {
        "error": 0.05717608586870944, 
        "fit": "average_SEM", 
        "value": 0.26503300468126934
    }, 
    "H2": {
        "error": 0.11045544152146342, 
        "fit": "average_SEM", 
        "value": 0.1749248984709589
    }, 
    "L1": {
        "error": 0.3132973179937403, 
        "fit": "average_SEM", 
        "value": 0.07303648248004417
    }, 
    "L2": {
        "error": 0.05538614611075802, 
        "fit": "average_SEM", 
        "value": 0.14288459163573053
    }
}