{
    "AX": {
        "error": 0.054048236894163555, 
        "fit": "average_SEM", 
        "value": 0.17831711835331387
    }, 
    "CDD": {
        "error": 0.00015183391554478658, 
        "fit": "average_SEM", 
        "value": 0.00016539161539791774
    }, 
    "H1": {
        "error": 0.05243869504981632, 
        "fit": "average_SEM", 
        "value": 0.2646085501545005
    }, 
    "H2": {
        "error": 0.12056684200355076, 
        "fit": "average_SEM", 
        "value": 0.17659269187909862
    }, 
    "L1": {
        "error": 0.32820438155920006, 
        "fit": "average_SEM", 
        "value": 0.07028945361574492
    }, 
    "L2": {
        "error": 0.04397654749331161, 
        "fit": "average_SEM", 
        "value": 0.13429765734407637
    }
}