{
    "AX": {
        "error": 0.05746480736961692, 
        "fit": "average_SEM", 
        "value": 0.18818740552912155
    }, 
    "CDD": {
        "error": 0.00011737823482762013, 
        "fit": "average_SEM", 
        "value": 0.00010029065759024687
    }, 
    "H1": {
        "error": 0.04371276579321654, 
        "fit": "average_SEM", 
        "value": 0.23090309608313772
    }, 
    "H2": {
        "error": 0.13322938971867776, 
        "fit": "average_SEM", 
        "value": 0.16061706086232638
    }, 
    "L1": {
        "error": 0.3357990896565139, 
        "fit": "average_SEM", 
        "value": 0.0023691304959356785
    }, 
    "L2": {
        "error": 0.0516002577525532, 
        "fit": "average_SEM", 
        "value": 0.14755267291847202
    }
}