{
    "AX": {
        "error": 0.05154135898530197, 
        "fit": "average_SEM", 
        "value": 0.18449122651169697
    }, 
    "CDD": {
        "error": 0.00015525917265739206, 
        "fit": "average_SEM", 
        "value": 0.00019354338033331764
    }, 
    "H1": {
        "error": 0.0601269962821977, 
        "fit": "average_SEM", 
        "value": 0.2749840999643008
    }, 
    "H2": {
        "error": 0.11962502076550983, 
        "fit": "average_SEM", 
        "value": 0.1434455283736396
    }, 
    "L1": {
        "error": 0.33674274414777117, 
        "fit": "average_SEM", 
        "value": 0.02938728424616986
    }, 
    "L2": {
        "error": 0.04756208268641349, 
        "fit": "average_SEM", 
        "value": 0.1427752372705274
    }
}