{
    "AX": {
        "error": 0.05446084435006062, 
        "fit": "average_SEM", 
        "value": 0.1765584315173328
    }, 
    "CDD": {
        "error": 0.00019233004751398938, 
        "fit": "average_SEM", 
        "value": 0.00020761926231595377
    }, 
    "H1": {
        "error": 0.04839369520728384, 
        "fit": "average_SEM", 
        "value": 0.2674952843123012
    }, 
    "H2": {
        "error": 0.13966188672106666, 
        "fit": "average_SEM", 
        "value": 0.14553490596978616
    }, 
    "L1": {
        "error": 0.29857932563481604, 
        "fit": "average_SEM", 
        "value": 0.039448073353721864
    }, 
    "L2": {
        "error": 0.05011185261724673, 
        "fit": "average_SEM", 
        "value": 0.1471160435428222
    }
}