{
    "AX": {
        "error": 0.05648910538147292, 
        "fit": "average_SEM", 
        "value": 0.18783454274137815
    }, 
    "CDD": {
        "error": 0.00017641151765671314, 
        "fit": "average_SEM", 
        "value": 0.00017067007154562613
    }, 
    "H1": {
        "error": 0.043288867125861955, 
        "fit": "average_SEM", 
        "value": 0.26868018739753297
    }, 
    "H2": {
        "error": 0.12091928515210985, 
        "fit": "average_SEM", 
        "value": -0.09680979832644677
    }, 
    "L1": {
        "error": 0.34729140317804913, 
        "fit": "average_SEM", 
        "value": 0.009280991150687139
    }, 
    "L2": {
        "error": 0.04880293442147592, 
        "fit": "average_SEM", 
        "value": 0.15233684200793504
    }
}