{
    "AX": {
        "error": 0.06287872030331895, 
        "fit": "average_SEM", 
        "value": 0.17808916825387214
    }, 
    "CDD": {
        "error": 0.0001360093892951409, 
        "fit": "average_SEM", 
        "value": 0.00010732860036013234
    }, 
    "H1": {
        "error": 0.03858715771373027, 
        "fit": "average_SEM", 
        "value": 0.2538438500629531
    }, 
    "H2": {
        "error": 0.11013770896209063, 
        "fit": "average_SEM", 
        "value": -0.09198670101533127
    }, 
    "L1": {
        "error": 0.3166146354754839, 
        "fit": "average_SEM", 
        "value": 0.017649376244905094
    }, 
    "L2": {
        "error": 0.05533533813596292, 
        "fit": "average_SEM", 
        "value": 0.1424768886425429
    }
}