{
    "AX": {
        "error": 0.05342243891130318, 
        "fit": "average_SEM", 
        "value": 0.17725096338738996
    }, 
    "CDD": {
        "error": 0.00017278061765155597, 
        "fit": "average_SEM", 
        "value": 0.00015483470358756474
    }, 
    "H1": {
        "error": 0.0472495527815058, 
        "fit": "average_SEM", 
        "value": 0.25881006452772354
    }, 
    "H2": {
        "error": 0.13815722987174278, 
        "fit": "average_SEM", 
        "value": -0.11596636493535091
    }, 
    "L1": {
        "error": 0.3424186987074221, 
        "fit": "average_SEM", 
        "value": 0.02296515143890348
    }, 
    "L2": {
        "error": 0.04210271628230072, 
        "fit": "average_SEM", 
        "value": 0.1381795185100701
    }
}