{
    "AX": {
        "error": 0.05934602733885451, 
        "fit": "average_SEM", 
        "value": 0.1795386211325725
    }, 
    "CDD": {
        "error": 0.00018997992983635391, 
        "fit": "average_SEM", 
        "value": 0.0002480874271390753
    }, 
    "H1": {
        "error": 0.06409552667911474, 
        "fit": "average_SEM", 
        "value": 0.288982580933306
    }, 
    "H2": {
        "error": 0.11667161712463928, 
        "fit": "average_SEM", 
        "value": -0.08691262745091485
    }, 
    "L1": {
        "error": 0.3373871543677287, 
        "fit": "average_SEM", 
        "value": -0.0016893263285358746
    }, 
    "L2": {
        "error": 0.05802987688223259, 
        "fit": "average_SEM", 
        "value": 0.14140355656854808
    }
}