{
    "AX": {
        "error": 0.053684201135896614, 
        "fit": "average_SEM", 
        "value": 0.18789616773525875
    }, 
    "CDD": {
        "error": 0.00014083788120330083, 
        "fit": "average_SEM", 
        "value": 0.000137239849815766
    }, 
    "H1": {
        "error": 0.05337398102517161, 
        "fit": "average_SEM", 
        "value": 0.25592752579185696
    }, 
    "H2": {
        "error": 0.13353709823145682, 
        "fit": "average_SEM", 
        "value": -0.07575923618858521
    }, 
    "L1": {
        "error": 0.3131004214959651, 
        "fit": "average_SEM", 
        "value": -0.0021286027402513557
    }, 
    "L2": {
        "error": 0.05218195604581329, 
        "fit": "average_SEM", 
        "value": 0.14802687070849868
    }
}