{
    "AX": {
        "error": 0.05510803680561982, 
        "fit": "average_SEM", 
        "value": 0.17989238831732007
    }, 
    "CDD": {
        "error": 0.0001493077640663565, 
        "fit": "average_SEM", 
        "value": 0.00013548036513384433
    }, 
    "H1": {
        "error": 0.04483310626100587, 
        "fit": "average_SEM", 
        "value": 0.2472886742817031
    }, 
    "H2": {
        "error": 0.13638483934725665, 
        "fit": "average_SEM", 
        "value": -0.10930099348123702
    }, 
    "L1": {
        "error": 0.34940438377529326, 
        "fit": "average_SEM", 
        "value": -0.00779340255798565
    }, 
    "L2": {
        "error": 0.04899582655450779, 
        "fit": "average_SEM", 
        "value": 0.1442780677643087
    }
}