{
    "AX": {
        "error": 0.05121592863174176, 
        "fit": "average_SEM", 
        "value": 0.17036083456542755
    }, 
    "CDD": {
        "error": 0.0001364230722198498, 
        "fit": "average_SEM", 
        "value": 0.0001143665413514504
    }, 
    "H1": {
        "error": 0.048778402107288364, 
        "fit": "average_SEM", 
        "value": 0.24591794692807728
    }, 
    "H2": {
        "error": 0.12279645998003218, 
        "fit": "average_SEM", 
        "value": -0.003052967238828488
    }, 
    "L1": {
        "error": 0.3086742648280071, 
        "fit": "average_SEM", 
        "value": 0.11167927908504174
    }, 
    "L2": {
        "error": 0.04977493903485862, 
        "fit": "average_SEM", 
        "value": 0.14321656537552674
    }
}