{
    "AX": {
        "error": 0.057784048726128884, 
        "fit": "average_SEM", 
        "value": 0.18890931113726564
    }, 
    "CDD": {
        "error": 0.0001869149342055013, 
        "fit": "average_SEM", 
        "value": 0.00021113823394342844
    }, 
    "H1": {
        "error": 0.04987415265911548, 
        "fit": "average_SEM", 
        "value": 0.2806096283925904
    }, 
    "H2": {
        "error": 0.11155207793574455, 
        "fit": "average_SEM", 
        "value": -0.046083219915938875
    }, 
    "L1": {
        "error": 0.3368276478618715, 
        "fit": "average_SEM", 
        "value": 0.10920477820198154
    }, 
    "L2": {
        "error": 0.05247863024703043, 
        "fit": "average_SEM", 
        "value": 0.13967168089002371
    }
}