{
    "AX": {
        "error": 0.05495913804073069, 
        "fit": "average_SEM", 
        "value": 0.17761666489144165
    }, 
    "CDD": {
        "error": 0.00018729139751603888, 
        "fit": "average_SEM", 
        "value": 0.00018474595611526942
    }, 
    "H1": {
        "error": 0.055682421933896706, 
        "fit": "average_SEM", 
        "value": 0.269562986989816
    }, 
    "H2": {
        "error": 0.11432481674670049, 
        "fit": "average_SEM", 
        "value": -0.02102982737123966
    }, 
    "L1": {
        "error": 0.32580570773331474, 
        "fit": "average_SEM", 
        "value": 0.12040214393184417
    }, 
    "L2": {
        "error": 0.06105609252591095, 
        "fit": "average_SEM", 
        "value": 0.13640193646359774
    }
}