{
    "AX": {
        "error": 0.05333870525777722, 
        "fit": "average_SEM", 
        "value": 0.172638297929532
    }, 
    "CDD": {
        "error": 0.00012561085248765096, 
        "fit": "average_SEM", 
        "value": 0.00010556911535483474
    }, 
    "H1": {
        "error": 0.04955363444576017, 
        "fit": "average_SEM", 
        "value": 0.2430180825293064
    }, 
    "H2": {
        "error": 0.12956375133475914, 
        "fit": "average_SEM", 
        "value": -0.011824139474063284
    }, 
    "L1": {
        "error": 0.34095299615955876, 
        "fit": "average_SEM", 
        "value": 0.11774206982841456
    }, 
    "L2": {
        "error": 0.05514066434618728, 
        "fit": "average_SEM", 
        "value": 0.14005300315588506
    }
}