{
    "AX": {
        "error": 0.06256555079323053, 
        "fit": "average_SEM", 
        "value": 0.153024238637752
    }, 
    "CDD": {
        "error": 0.00021839735924830995, 
        "fit": "average_SEM", 
        "value": 0.0003026314711961378
    }, 
    "H1": {
        "error": 0.06353523704225662, 
        "fit": "average_SEM", 
        "value": 0.28520696353581215
    }, 
    "H2": {
        "error": 0.1403994356085776, 
        "fit": "average_SEM", 
        "value": -0.03337077844577531
    }, 
    "L1": {
        "error": 0.30627608517676935, 
        "fit": "average_SEM", 
        "value": 0.07602551502899992
    }, 
    "L2": {
        "error": 0.049783535074375836, 
        "fit": "average_SEM", 
        "value": 0.13381019536819722
    }
}