{
    "AX": {
        "error": 0.05811906832547479, 
        "fit": "average_SEM", 
        "value": 0.14271696259578068
    }, 
    "CDD": {
        "error": 0.0001256731439801761, 
        "fit": "average_SEM", 
        "value": 0.00011436654102807451
    }, 
    "H1": {
        "error": 0.046392708648212266, 
        "fit": "average_SEM", 
        "value": 0.24462321168846554
    }, 
    "H2": {
        "error": 0.1255456674129853, 
        "fit": "average_SEM", 
        "value": -0.012582867220044137
    }, 
    "L1": {
        "error": 0.3340550609827451, 
        "fit": "average_SEM", 
        "value": 0.08794399799986018
    }, 
    "L2": {
        "error": 0.05570020237756827, 
        "fit": "average_SEM", 
        "value": 0.13414510998667942
    }
}