{
    "AX": {
        "error": 0.06471500199255535, 
        "fit": "average_SEM", 
        "value": 0.1450231904991799
    }, 
    "CDD": {
        "error": 0.00019810315553765904, 
        "fit": "average_SEM", 
        "value": 0.00020761926393283325
    }, 
    "H1": {
        "error": 0.05420215754363284, 
        "fit": "average_SEM", 
        "value": 0.2675837286644512
    }, 
    "H2": {
        "error": 0.1284876107434385, 
        "fit": "average_SEM", 
        "value": -0.013063818340500195
    }, 
    "L1": {
        "error": 0.29660126371989887, 
        "fit": "average_SEM", 
        "value": 0.054166294944783054
    }, 
    "L2": {
        "error": 0.04919039839742811, 
        "fit": "average_SEM", 
        "value": 0.14220008514304128
    }
}