{
    "AX": {
        "error": 0.05990158791780547, 
        "fit": "average_SEM", 
        "value": 0.15554903062681358
    }, 
    "CDD": {
        "error": 0.00019610988566536597, 
        "fit": "average_SEM", 
        "value": 0.0002375305140352187
    }, 
    "H1": {
        "error": 0.046847280022946414, 
        "fit": "average_SEM", 
        "value": 0.2514819630318218
    }, 
    "H2": {
        "error": 0.12682239211201207, 
        "fit": "average_SEM", 
        "value": -0.04053027889070412
    }, 
    "L1": {
        "error": 0.30870687409670744, 
        "fit": "average_SEM", 
        "value": 0.06829835909496372
    }, 
    "L2": {
        "error": 0.059546463240175616, 
        "fit": "average_SEM", 
        "value": 0.14442406311217282
    }
}