{
    "AX": {
        "error": 0.05758911742833384, 
        "fit": "average_SEM", 
        "value": 0.16115239582852356
    }, 
    "CDD": {
        "error": 0.00011308576000176307, 
        "fit": "average_SEM", 
        "value": 9.677168806471551e-05
    }, 
    "H1": {
        "error": 0.0417971234407059, 
        "fit": "average_SEM", 
        "value": 0.22895992307199373
    }, 
    "H2": {
        "error": 0.13539128262500894, 
        "fit": "average_SEM", 
        "value": -0.029760904617271284
    }, 
    "L1": {
        "error": 0.32635423445497913, 
        "fit": "average_SEM", 
        "value": 0.08065281893230147
    }, 
    "L2": {
        "error": 0.05516025567340419, 
        "fit": "average_SEM", 
        "value": 0.13681691298778687
    }
}