{
    "AX": {
        "error": 0.05448163734562464, 
        "fit": "average_SEM", 
        "value": 0.15505310719211896
    }, 
    "CDD": {
        "error": 0.0001610004412063406, 
        "fit": "average_SEM", 
        "value": 0.00015835367295140813
    }, 
    "H1": {
        "error": 0.044793226673625106, 
        "fit": "average_SEM", 
        "value": 0.2542832652727763
    }, 
    "H2": {
        "error": 0.1306309131689726, 
        "fit": "average_SEM", 
        "value": -0.052895485651161936
    }, 
    "L1": {
        "error": 0.303357603743625, 
        "fit": "average_SEM", 
        "value": 0.05365795122925192
    }, 
    "L2": {
        "error": 0.04758647875555079, 
        "fit": "average_SEM", 
        "value": 0.13973026182502507
    }
}