{
    "AX": {
        "error": 0.055091254205750485, 
        "fit": "average_SEM", 
        "value": 0.1559943799757295
    }, 
    "CDD": {
        "error": 6.797591291260343e-05, 
        "fit": "average_SEM", 
        "value": 3.167073332911564e-05
    }, 
    "H1": {
        "error": 0.0444321877849357, 
        "fit": "average_SEM", 
        "value": 0.19887909069657325
    }, 
    "H2": {
        "error": 0.13666002124824456, 
        "fit": "average_SEM", 
        "value": -0.05405413134592689
    }, 
    "L1": {
        "error": 0.32381170637952944, 
        "fit": "average_SEM", 
        "value": 0.06252991816339394
    }, 
    "L2": {
        "error": 0.06079772626837735, 
        "fit": "average_SEM", 
        "value": 0.13687331984854406
    }
}