{
    "AX": {
        "error": 0.06543961325923811, 
        "fit": "average_SEM", 
        "value": 0.15096989374918243
    }, 
    "CDD": {
        "error": 0.0001251614383096141, 
        "fit": "average_SEM", 
        "value": 0.00011612602619506004
    }, 
    "H1": {
        "error": 0.041069030228247094, 
        "fit": "average_SEM", 
        "value": 0.235293909907341
    }, 
    "H2": {
        "error": 0.12546760122834896, 
        "fit": "average_SEM", 
        "value": -0.0687870860146682
    }, 
    "L1": {
        "error": 0.3338689806875248, 
        "fit": "average_SEM", 
        "value": 0.04383533966029063
    }, 
    "L2": {
        "error": 0.08639047137995716, 
        "fit": "average_SEM", 
        "value": 0.15125493231332965
    }
}