{
    "AX": {
        "error": 0.055113806434843135, 
        "fit": "average_SEM", 
        "value": 0.15737151148108144
    }, 
    "CDD": {
        "error": 0.00015466320323020955, 
        "fit": "average_SEM", 
        "value": 0.00015307521858226716
    }, 
    "H1": {
        "error": 0.04637614697288254, 
        "fit": "average_SEM", 
        "value": 0.25248896562390855
    }, 
    "H2": {
        "error": 0.13477435061312446, 
        "fit": "average_SEM", 
        "value": -0.04458043354356454
    }, 
    "L1": {
        "error": 0.3156806666219576, 
        "fit": "average_SEM", 
        "value": 0.052133296171410215
    }, 
    "L2": {
        "error": 0.04857317844088996, 
        "fit": "average_SEM", 
        "value": 0.14741140856511062
    }
}