{
    "AX": {
        "error": 0.0488353875473033, 
        "fit": "average_SEM", 
        "value": 0.15696022866500747
    }, 
    "CDD": {
        "error": 0.00019836373004110318, 
        "fit": "average_SEM", 
        "value": 0.0002656822792939945
    }, 
    "H1": {
        "error": 0.05193217315519746, 
        "fit": "average_SEM", 
        "value": 0.288909432457553
    }, 
    "H2": {
        "error": 0.13401944869662993, 
        "fit": "average_SEM", 
        "value": -0.05484695596484623
    }, 
    "L1": {
        "error": 0.30487787122480914, 
        "fit": "average_SEM", 
        "value": 0.043097418554437654
    }, 
    "L2": {
        "error": 0.049207282763605656, 
        "fit": "average_SEM", 
        "value": 0.137924256334534
    }
}