{
    "AX": {
        "error": 0.05412018403170314, 
        "fit": "average_SEM", 
        "value": 0.160669938997469
    }, 
    "CDD": {
        "error": 0.00017683690491714795, 
        "fit": "average_SEM", 
        "value": 0.0001601131595735852
    }, 
    "H1": {
        "error": 0.04556597289901026, 
        "fit": "average_SEM", 
        "value": 0.24217151800791423
    }, 
    "H2": {
        "error": 0.12108070349465566, 
        "fit": "average_SEM", 
        "value": -0.06268936208863225
    }, 
    "L1": {
        "error": 0.3342255415290615, 
        "fit": "average_SEM", 
        "value": 0.04337245404927267
    }, 
    "L2": {
        "error": 0.054853585112703454, 
        "fit": "average_SEM", 
        "value": 0.14106958789440494
    }
}