{
    "AX": {
        "error": 0.050527987889653785, 
        "fit": "average_SEM", 
        "value": 0.15129302295131816
    }, 
    "CDD": {
        "error": 0.00022807366378161992, 
        "fit": "average_SEM", 
        "value": 0.0002604038241164138
    }, 
    "H1": {
        "error": 0.05451568833197355, 
        "fit": "average_SEM", 
        "value": 0.26840809832016627
    }, 
    "H2": {
        "error": 0.14624519585573428, 
        "fit": "average_SEM", 
        "value": -0.04461179203382118
    }, 
    "L1": {
        "error": 0.32663432766920886, 
        "fit": "average_SEM", 
        "value": 0.07078089847539862
    }, 
    "L2": {
        "error": 0.05623219492574589, 
        "fit": "average_SEM", 
        "value": 0.14271010319805807
    }
}