{
    "AX": {
        "error": 0.057750545483252244, 
        "fit": "average_SEM", 
        "value": 0.15615311266026563
    }, 
    "CDD": {
        "error": 3.2816411028081083e-05, 
        "fit": "average_SEM", 
        "value": 7.037940667942166e-06
    }, 
    "H1": {
        "error": 0.046048055507321425, 
        "fit": "average_SEM", 
        "value": 0.19644177655378978
    }, 
    "H2": {
        "error": 0.1509716139339552, 
        "fit": "average_SEM", 
        "value": -0.04666334407197104
    }, 
    "L1": {
        "error": 0.3008889137276934, 
        "fit": "average_SEM", 
        "value": 0.031675107404589654
    }, 
    "L2": {
        "error": 0.050641281720810075, 
        "fit": "average_SEM", 
        "value": 0.1381187095410294
    }
}