{
    "AX": {
        "error": 0.0643134668464889, 
        "fit": "average_SEM", 
        "value": 0.1706378491077986
    }, 
    "CDD": {
        "error": 0.00019725589706224143, 
        "fit": "average_SEM", 
        "value": 0.0002269736010930501
    }, 
    "H1": {
        "error": 0.05192614840398249, 
        "fit": "average_SEM", 
        "value": 0.2881935205724504
    }, 
    "H2": {
        "error": 0.14262100025368551, 
        "fit": "average_SEM", 
        "value": -0.059319790311322625
    }, 
    "L1": {
        "error": 0.3232949072474453, 
        "fit": "average_SEM", 
        "value": 0.025973539809799856
    }, 
    "L2": {
        "error": 0.059453409494146695, 
        "fit": "average_SEM", 
        "value": 0.14285995637377102
    }
}