{
    "AX": {
        "error": 0.055446737696639464, 
        "fit": "average_SEM", 
        "value": 0.16469678762368858
    }, 
    "CDD": {
        "error": 0.00019860819906414035, 
        "fit": "average_SEM", 
        "value": 0.0002111382324882369
    }, 
    "H1": {
        "error": 0.05110008959054653, 
        "fit": "average_SEM", 
        "value": 0.2668720080620713
    }, 
    "H2": {
        "error": 0.1257469229155883, 
        "fit": "average_SEM", 
        "value": -0.08977642428977156
    }, 
    "L1": {
        "error": 0.32802199729382264, 
        "fit": "average_SEM", 
        "value": 0.016425850454510914
    }, 
    "L2": {
        "error": 0.05902933626277448, 
        "fit": "average_SEM", 
        "value": 0.14150006617936822
    }
}