{
    "AX": {
        "error": 0.047532861407222717, 
        "fit": "average_SEM", 
        "value": 0.16345439106225967
    }, 
    "CDD": {
        "error": 6.49857052125514e-05, 
        "fit": "average_SEM", 
        "value": 3.343021817272529e-05
    }, 
    "H1": {
        "error": 0.04246832886201428, 
        "fit": "average_SEM", 
        "value": 0.2074357156952222
    }, 
    "H2": {
        "error": 0.12820547609743124, 
        "fit": "average_SEM", 
        "value": -0.08152670449473792
    }, 
    "L1": {
        "error": 0.31065274080493943, 
        "fit": "average_SEM", 
        "value": 0.021469829375726276
    }, 
    "L2": {
        "error": 0.04727637057856663, 
        "fit": "average_SEM", 
        "value": 0.13787092711362575
    }
}