{
    "AX": {
        "error": 0.05525754202596378, 
        "fit": "average_SEM", 
        "value": 0.16549718458619384
    }, 
    "CDD": {
        "error": 0.00013562907164694663, 
        "fit": "average_SEM", 
        "value": 0.00010908808552711788
    }, 
    "H1": {
        "error": 0.03966386902541108, 
        "fit": "average_SEM", 
        "value": 0.23331676903698179
    }, 
    "H2": {
        "error": 0.12761730040412797, 
        "fit": "average_SEM", 
        "value": -0.07304364251451463
    }, 
    "L1": {
        "error": 0.33215348998849153, 
        "fit": "average_SEM", 
        "value": 0.045010692504648536
    }, 
    "L2": {
        "error": 0.04919271295950616, 
        "fit": "average_SEM", 
        "value": 0.13688019385768307
    }
}