{
    "AX": {
        "error": 0.058375910455517474, 
        "fit": "average_SEM", 
        "value": 0.1663343436188168
    }, 
    "CDD": {
        "error": 0.00017577150865558222, 
        "fit": "average_SEM", 
        "value": 0.00020937874780631522
    }, 
    "H1": {
        "error": 0.046827175361252665, 
        "fit": "average_SEM", 
        "value": 0.2757604941725731
    }, 
    "H2": {
        "error": 0.14484414476797883, 
        "fit": "average_SEM", 
        "value": -0.07984208359978058
    }, 
    "L1": {
        "error": 0.31762855692383957, 
        "fit": "average_SEM", 
        "value": 0.010023993274403942
    }, 
    "L2": {
        "error": 0.045937229779385844, 
        "fit": "average_SEM", 
        "value": 0.1396562190519439
    }
}