{
    "AX": {
        "error": 0.05629551952371671, 
        "fit": "average_SEM", 
        "value": 0.16305122085743481
    }, 
    "CDD": {
        "error": 0.00011942733772295691, 
        "fit": "average_SEM", 
        "value": 0.00010205014453579982
    }, 
    "H1": {
        "error": 0.045630385581102335, 
        "fit": "average_SEM", 
        "value": 0.23066336380110847
    }, 
    "H2": {
        "error": 0.1340414864735653, 
        "fit": "average_SEM", 
        "value": -0.07566773084302743
    }, 
    "L1": {
        "error": 0.32535107635028077, 
        "fit": "average_SEM", 
        "value": 0.044250826739395656
    }, 
    "L2": {
        "error": 0.05785214445405625, 
        "fit": "average_SEM", 
        "value": 0.14835488260982352
    }
}