{
    "AX": {
        "error": 0.04828235608812813, 
        "fit": "average_SEM", 
        "value": 0.16705662103162872
    }, 
    "CDD": {
        "error": 0.00013882292934525755, 
        "fit": "average_SEM", 
        "value": 0.0001372398504625178
    }, 
    "H1": {
        "error": 0.04721242869584686, 
        "fit": "average_SEM", 
        "value": 0.25040528459681405
    }, 
    "H2": {
        "error": 0.12132539611468027, 
        "fit": "average_SEM", 
        "value": -0.06372560976952728
    }, 
    "L1": {
        "error": 0.3205558348232442, 
        "fit": "average_SEM", 
        "value": 0.005849689309899177
    }, 
    "L2": {
        "error": 0.05461967658951662, 
        "fit": "average_SEM", 
        "value": 0.14412276997334428
    }
}