{
    "AX": {
        "error": 0.0683025742373789, 
        "fit": "average_SEM", 
        "value": 0.1598074997718666
    }, 
    "CDD": {
        "error": 0.00017999526966301944, 
        "fit": "average_SEM", 
        "value": 0.0001565941898863659
    }, 
    "H1": {
        "error": 0.047841565180359244, 
        "fit": "average_SEM", 
        "value": 0.25089368149638175
    }, 
    "H2": {
        "error": 0.131948154139652, 
        "fit": "average_SEM", 
        "value": -0.050905273469591825
    }, 
    "L1": {
        "error": 0.3456372838941551, 
        "fit": "average_SEM", 
        "value": 0.058086683704621264
    }, 
    "L2": {
        "error": 0.04806194392275777, 
        "fit": "average_SEM", 
        "value": 0.14854092424114546
    }
}