{
    "AX": {
        "error": 0.057801394538484034, 
        "fit": "average_SEM", 
        "value": 0.1586782094091177
    }, 
    "CDD": {
        "error": 0.00013381657505409243, 
        "fit": "average_SEM", 
        "value": 0.00012316396670131427
    }, 
    "H1": {
        "error": 0.04322103492377835, 
        "fit": "average_SEM", 
        "value": 0.2415192930234803
    }, 
    "H2": {
        "error": 0.12598185523888814, 
        "fit": "average_SEM", 
        "value": -0.053739355279443166
    }, 
    "L1": {
        "error": 0.3166223230971899, 
        "fit": "average_SEM", 
        "value": 0.06993584408838716
    }, 
    "L2": {
        "error": 0.0506834418730431, 
        "fit": "average_SEM", 
        "value": 0.13935287944558594
    }
}