{
    "AX": {
        "error": 0.05310403346899807, 
        "fit": "average_SEM", 
        "value": 0.1597537386541565
    }, 
    "CDD": {
        "error": 7.801174714760199e-05, 
        "fit": "average_SEM", 
        "value": 4.222764465440478e-05
    }, 
    "H1": {
        "error": 0.04384848135609595, 
        "fit": "average_SEM", 
        "value": 0.22364391494128438
    }, 
    "H2": {
        "error": 0.12861723754246068, 
        "fit": "average_SEM", 
        "value": -0.05568331931717694
    }, 
    "L1": {
        "error": 0.31800998831938754, 
        "fit": "average_SEM", 
        "value": 0.034897694405582214
    }, 
    "L2": {
        "error": 0.052054745817206406, 
        "fit": "average_SEM", 
        "value": 0.1460745684388611
    }
}