{
    "AX": {
        "error": 0.06664009061087572, 
        "fit": "average_SEM", 
        "value": 0.1688341848552227
    }, 
    "CDD": {
        "error": 0.00012466018871691093, 
        "fit": "average_SEM", 
        "value": 9.853117387845285e-05
    }, 
    "H1": {
        "error": 0.04651634086343885, 
        "fit": "average_SEM", 
        "value": 0.23708081427547667
    }, 
    "H2": {
        "error": 0.13416016100392492, 
        "fit": "average_SEM", 
        "value": -0.02121651823593614
    }, 
    "L1": {
        "error": 0.30838229503654047, 
        "fit": "average_SEM", 
        "value": 0.07833072927314788
    }, 
    "L2": {
        "error": 0.05357757594506873, 
        "fit": "average_SEM", 
        "value": 0.14763359001113308
    }
}