{
    "AX": {
        "error": 0.05552306706216425, 
        "fit": "average_SEM", 
        "value": 0.16022994737658236
    }, 
    "CDD": {
        "error": 0.00012851809750152198, 
        "fit": "average_SEM", 
        "value": 0.00010205014453579982
    }, 
    "H1": {
        "error": 0.04239335074070671, 
        "fit": "average_SEM", 
        "value": 0.22948967946900262
    }, 
    "H2": {
        "error": 0.1266341919288983, 
        "fit": "average_SEM", 
        "value": -0.051699709563723044
    }, 
    "L1": {
        "error": 0.32891089676788327, 
        "fit": "average_SEM", 
        "value": 0.07263633268367913
    }, 
    "L2": {
        "error": 0.05286214086192904, 
        "fit": "average_SEM", 
        "value": 0.14357343434563113
    }
}