{
    "AX": {
        "error": 0.05404109738755465, 
        "fit": "average_SEM", 
        "value": 0.04809869169774983
    }, 
    "CDD": {
        "error": 0.00018738330872748371, 
        "fit": "average_SEM", 
        "value": 0.0002604038233079741
    }, 
    "H1": {
        "error": 0.058453033646945166, 
        "fit": "average_SEM", 
        "value": 0.26653441683285767
    }, 
    "H2": {
        "error": 0.12208190272186853, 
        "fit": "average_SEM", 
        "value": 0.01885519566389525
    }, 
    "L1": {
        "error": 0.2180861275796294, 
        "fit": "average_SEM", 
        "value": 0.13403273123678647
    }, 
    "L2": {
        "error": 0.050671113694226506, 
        "fit": "average_SEM", 
        "value": 0.13193185229061377
    }
}