{
    "AX": {
        "error": 0.05554601762982151, 
        "fit": "average_SEM", 
        "value": 0.05226550518224637
    }, 
    "CDD": {
        "error": 0.00019836372863577643, 
        "fit": "average_SEM", 
        "value": 0.00020937874829137906
    }, 
    "H1": {
        "error": 0.04542063309116155, 
        "fit": "average_SEM", 
        "value": 0.27571521103382113
    }, 
    "H2": {
        "error": 0.1348800331525841, 
        "fit": "average_SEM", 
        "value": 0.023722496591088
    }, 
    "L1": {
        "error": 0.19620290879586877, 
        "fit": "average_SEM", 
        "value": 0.1273890698613185
    }, 
    "L2": {
        "error": 0.04696739756310589, 
        "fit": "average_SEM", 
        "value": 0.13012776074724064
    }
}