{
    "AX": {
        "error": 0.05802316903168981, 
        "fit": "average_SEM", 
        "value": 0.05197826569589476
    }, 
    "CDD": {
        "error": 0.00021335071643165162, 
        "fit": "average_SEM", 
        "value": 0.00028151764838387156
    }, 
    "H1": {
        "error": 0.06621494296458748, 
        "fit": "average_SEM", 
        "value": 0.27380056170125805
    }, 
    "H2": {
        "error": 0.1457121560121288, 
        "fit": "average_SEM", 
        "value": 0.01964208302088082
    }, 
    "L1": {
        "error": 0.2170675390718892, 
        "fit": "average_SEM", 
        "value": 0.13963905564612814
    }, 
    "L2": {
        "error": 0.054801109719378016, 
        "fit": "average_SEM", 
        "value": 0.13924185105909903
    }
}