{
    "AX": {
        "error": 0.06626826674837126, 
        "fit": "average_SEM", 
        "value": 0.04880606677001601
    }, 
    "CDD": {
        "error": 0.0001936924979120146, 
        "fit": "average_SEM", 
        "value": 0.0002885555885667499
    }, 
    "H1": {
        "error": 0.061897127565332534, 
        "fit": "average_SEM", 
        "value": 0.2576555235311389
    }, 
    "H2": {
        "error": 0.13070095148189784, 
        "fit": "average_SEM", 
        "value": 0.02917940817359421
    }, 
    "L1": {
        "error": 0.22624984480253713, 
        "fit": "average_SEM", 
        "value": 0.1394542830918605
    }, 
    "L2": {
        "error": 0.04572273734618161, 
        "fit": "average_SEM", 
        "value": 0.13569968698753251
    }
}