{
    "AX": {
        "error": 0.05241486782139259, 
        "fit": "average_SEM", 
        "value": 0.04872233786154538
    }, 
    "CDD": {
        "error": 0.00018759202808345027, 
        "fit": "average_SEM", 
        "value": 0.0002692012509214692
    }, 
    "H1": {
        "error": 0.060352468319070034, 
        "fit": "average_SEM", 
        "value": 0.2730601639331629
    }, 
    "H2": {
        "error": 0.1378930610418278, 
        "fit": "average_SEM", 
        "value": 0.015451025028920009
    }, 
    "L1": {
        "error": 0.21649521649804504, 
        "fit": "average_SEM", 
        "value": 0.1307397727867485
    }, 
    "L2": {
        "error": 0.05189489037591078, 
        "fit": "average_SEM", 
        "value": 0.13566239058660964
    }
}