{
    "AX": {
        "error": 0.056418077688926996, 
        "fit": "average_SEM", 
        "value": 0.0474548152667315
    }, 
    "CDD": {
        "error": 0.0002662492978004249, 
        "fit": "average_SEM", 
        "value": 0.00046450411981721927
    }, 
    "H1": {
        "error": 0.09591496622542031, 
        "fit": "average_SEM", 
        "value": 0.26606080967079226
    }, 
    "H2": {
        "error": 0.12927452316363514, 
        "fit": "average_SEM", 
        "value": 0.04657554941950366
    }, 
    "L1": {
        "error": 0.19707988009670077, 
        "fit": "average_SEM", 
        "value": 0.13308783182874323
    }, 
    "L2": {
        "error": 0.049408823604292065, 
        "fit": "average_SEM", 
        "value": 0.13262250451371074
    }
}