{
    "AX": {
        "error": 0.052378484217860975, 
        "fit": "average_SEM", 
        "value": 0.06333942657026152
    }, 
    "CDD": {
        "error": 0.00024874211332331426, 
        "fit": "average_SEM", 
        "value": 0.00041171955947195076
    }, 
    "H1": {
        "error": 0.09782959359498292, 
        "fit": "average_SEM", 
        "value": 0.38677335241550787
    }, 
    "H2": {
        "error": 0.1272955824910135, 
        "fit": "average_SEM", 
        "value": 0.043228593793335476
    }, 
    "L1": {
        "error": 0.2217899725788991, 
        "fit": "average_SEM", 
        "value": 0.14755534175009316
    }, 
    "L2": {
        "error": 0.051934656302107175, 
        "fit": "average_SEM", 
        "value": 0.13140019722696808
    }
}