{
    "AX": {
        "error": 0.05452401405503428, 
        "fit": "average_SEM", 
        "value": 0.05598863508882156
    }, 
    "CDD": {
        "error": 0.0002368607063517587, 
        "fit": "average_SEM", 
        "value": 0.00029383404487614623
    }, 
    "H1": {
        "error": 0.06935217928245387, 
        "fit": "average_SEM", 
        "value": 0.28834389332267973
    }, 
    "H2": {
        "error": 0.11213158863039437, 
        "fit": "average_SEM", 
        "value": 0.031407332968147884
    }, 
    "L1": {
        "error": 0.19002138567959886, 
        "fit": "average_SEM", 
        "value": 0.15228459622917903
    }, 
    "L2": {
        "error": 0.05153435376009001, 
        "fit": "average_SEM", 
        "value": 0.13798984301586945
    }
}