{
    "AX": {
        "error": 0.051324801479069364, 
        "fit": "average_SEM", 
        "value": 0.053185195275970425
    }, 
    "CDD": {
        "error": 0.00015710326570945503, 
        "fit": "average_SEM", 
        "value": 0.00020058132245645135
    }, 
    "H1": {
        "error": 0.05199554250760511, 
        "fit": "average_SEM", 
        "value": 0.2588656229277452
    }, 
    "H2": {
        "error": 0.13879576976739902, 
        "fit": "average_SEM", 
        "value": 0.03609355758332337
    }, 
    "L1": {
        "error": 0.21250134052625413, 
        "fit": "average_SEM", 
        "value": 0.1516984417491282
    }, 
    "L2": {
        "error": 0.05187479278780766, 
        "fit": "average_SEM", 
        "value": 0.13544644856204588
    }
}