{
    "AX": {
        "error": 0.05312273529181021, 
        "fit": "average_SEM", 
        "value": 0.05829408291158163
    }, 
    "CDD": {
        "error": 6.088183202654566e-05, 
        "fit": "average_SEM", 
        "value": 2.8151762671768664e-05
    }, 
    "H1": {
        "error": 0.040229464107748934, 
        "fit": "average_SEM", 
        "value": 0.19449305890334978
    }, 
    "H2": {
        "error": 0.1348633232695489, 
        "fit": "average_SEM", 
        "value": 0.04009503721802806
    }, 
    "L1": {
        "error": 0.2490481966469901, 
        "fit": "average_SEM", 
        "value": 0.127980895464619
    }, 
    "L2": {
        "error": 0.04643716226523461, 
        "fit": "average_SEM", 
        "value": 0.12761101586123308
    }
}