{
    "AX": {
        "error": 0.04961138935239442, 
        "fit": "average_SEM", 
        "value": 0.058429628690808186
    }, 
    "CDD": {
        "error": 9.084156017932391e-05, 
        "fit": "average_SEM", 
        "value": 4.9265585807410796e-05
    }, 
    "H1": {
        "error": 0.0440088476516356, 
        "fit": "average_SEM", 
        "value": 0.19714837397138277
    }, 
    "H2": {
        "error": 0.12201100974396734, 
        "fit": "average_SEM", 
        "value": 0.030882714354730625
    }, 
    "L1": {
        "error": 0.23718944689256377, 
        "fit": "average_SEM", 
        "value": 0.10870539216606025
    }, 
    "L2": {
        "error": 0.0585680648638442, 
        "fit": "average_SEM", 
        "value": 0.13930054870692807
    }
}