{
    "AX": {
        "error": 0.05563766082260566, 
        "fit": "average_SEM", 
        "value": 0.05959422642675539
    }, 
    "CDD": {
        "error": 0.00012288971628930762, 
        "fit": "average_SEM", 
        "value": 9.501220273604203e-05
    }, 
    "H1": {
        "error": 0.0385753966978402, 
        "fit": "average_SEM", 
        "value": 0.2165120811925994
    }, 
    "H2": {
        "error": 0.12936129055041837, 
        "fit": "average_SEM", 
        "value": 0.03497839389472372
    }, 
    "L1": {
        "error": 0.24007178489073333, 
        "fit": "average_SEM", 
        "value": 0.1288666457914385
    }, 
    "L2": {
        "error": 0.054015843678566336, 
        "fit": "average_SEM", 
        "value": 0.12883563483289132
    }
}