{
    "AX": {
        "error": 0.051954578868067536, 
        "fit": "average_SEM", 
        "value": 0.06042657881949304
    }, 
    "CDD": {
        "error": 0.00023042926151618337, 
        "fit": "average_SEM", 
        "value": 0.00030439095652481127
    }, 
    "H1": {
        "error": 0.059370523602388973, 
        "fit": "average_SEM", 
        "value": 0.26952375827564135
    }, 
    "H2": {
        "error": 0.1358892491923425, 
        "fit": "average_SEM", 
        "value": 0.04964627700262807
    }, 
    "L1": {
        "error": 0.27279286462506075, 
        "fit": "average_SEM", 
        "value": 0.1156678444912864
    }, 
    "L2": {
        "error": 0.051332976474365334, 
        "fit": "average_SEM", 
        "value": 0.12876747068431643
    }
}