{
    "AX": {
        "error": 0.054523385222515826, 
        "fit": "average_SEM", 
        "value": 0.12340202775990797
    }, 
    "CDD": {
        "error": 0.0002610244917469364, 
        "fit": "average_SEM", 
        "value": 0.0004504282415534059
    }, 
    "H1": {
        "error": 0.093272981458623, 
        "fit": "average_SEM", 
        "value": 0.4187518965038988
    }, 
    "H2": {
        "error": 0.14002796287379496, 
        "fit": "average_SEM", 
        "value": 0.08600667743788411
    }, 
    "L1": {
        "error": 0.20553530781736348, 
        "fit": "average_SEM", 
        "value": 0.15441875067642993
    }, 
    "L2": {
        "error": 0.04922289326989522, 
        "fit": "average_SEM", 
        "value": 0.1375188956451085
    }
}