{
    "AX": {
        "error": 0.05659634061919346, 
        "fit": "average_SEM", 
        "value": 0.1293339532903499
    }, 
    "CDD": {
        "error": 0.00019026808445221278, 
        "fit": "average_SEM", 
        "value": 0.00023577102805979344
    }, 
    "H1": {
        "error": 0.05265447779000722, 
        "fit": "average_SEM", 
        "value": 0.27028791473971475
    }, 
    "H2": {
        "error": 0.13899317019436078, 
        "fit": "average_SEM", 
        "value": 0.03887125707179722
    }, 
    "L1": {
        "error": 0.22185660723516332, 
        "fit": "average_SEM", 
        "value": 0.1493983540787465
    }, 
    "L2": {
        "error": 0.05382877921408159, 
        "fit": "average_SEM", 
        "value": 0.1362451006140974
    }
}