{
    "AX": {
        "error": 0.059818452455455466, 
        "fit": "average_SEM", 
        "value": 0.12657405933908497
    }, 
    "CDD": {
        "error": 0.00016258707183606396, 
        "fit": "average_SEM", 
        "value": 0.0001513157330919057
    }, 
    "H1": {
        "error": 0.055905095400814786, 
        "fit": "average_SEM", 
        "value": 0.2512837816443708
    }, 
    "H2": {
        "error": 0.13450094246251534, 
        "fit": "average_SEM", 
        "value": 0.06617402494367626
    }, 
    "L1": {
        "error": 0.20006083283505238, 
        "fit": "average_SEM", 
        "value": 0.16839752244866557
    }, 
    "L2": {
        "error": 0.05902905108856936, 
        "fit": "average_SEM", 
        "value": 0.13722369255847297
    }
}