{
    "AX": {
        "error": 0.054423167521585915, 
        "fit": "average_SEM", 
        "value": 0.12420077328052785
    }, 
    "CDD": {
        "error": 0.00015318868529602892, 
        "fit": "average_SEM", 
        "value": 0.0001442777922622756
    }, 
    "H1": {
        "error": 0.04800962458007771, 
        "fit": "average_SEM", 
        "value": 0.25976107550991906
    }, 
    "H2": {
        "error": 0.13761705241379457, 
        "fit": "average_SEM", 
        "value": 0.08930237057567057
    }, 
    "L1": {
        "error": 0.20627150408462655, 
        "fit": "average_SEM", 
        "value": 0.15734851612295542
    }, 
    "L2": {
        "error": 0.0465983319650422, 
        "fit": "average_SEM", 
        "value": 0.13368677041596835
    }
}