{
    "AX": {
        "error": 0.05494360622900003, 
        "fit": "average_SEM", 
        "value": 0.13093446594559485
    }, 
    "CDD": {
        "error": 0.0002575289923659671, 
        "fit": "average_SEM", 
        "value": 0.000413479045447376
    }, 
    "H1": {
        "error": 0.11810745387091302, 
        "fit": "average_SEM", 
        "value": 0.3517358261677954
    }, 
    "H2": {
        "error": 0.12238213392709758, 
        "fit": "average_SEM", 
        "value": 0.06678461862288208
    }, 
    "L1": {
        "error": 0.23731210641412837, 
        "fit": "average_SEM", 
        "value": 0.15714094085140257
    }, 
    "L2": {
        "error": 0.048001999089935514, 
        "fit": "average_SEM", 
        "value": 0.13108692034665081
    }
}