{
    "AX": {
        "error": 0.051476297755060255, 
        "fit": "average_SEM", 
        "value": 0.14477110950069294
    }, 
    "CDD": {
        "error": 0.0002126452281241683, 
        "fit": "average_SEM", 
        "value": 0.0002709607349566391
    }, 
    "H1": {
        "error": 0.05645812136140791, 
        "fit": "average_SEM", 
        "value": 0.27896035214265186
    }, 
    "H2": {
        "error": 0.14338786665908446, 
        "fit": "average_SEM", 
        "value": 0.02087496471358463
    }, 
    "L1": {
        "error": 0.29006099317466016, 
        "fit": "average_SEM", 
        "value": 0.10669086574473315
    }, 
    "L2": {
        "error": 0.05787981947836558, 
        "fit": "average_SEM", 
        "value": 0.13546970010631615
    }
}