{
    "AX": {
        "error": 0.05514113805497955, 
        "fit": "average_SEM", 
        "value": 0.13051648535248306
    }, 
    "CDD": {
        "error": 0.00018475866753839436, 
        "fit": "average_SEM", 
        "value": 0.00018650544079719112
    }, 
    "H1": {
        "error": 0.0557381587060581, 
        "fit": "average_SEM", 
        "value": 0.2573405113071203
    }, 
    "H2": {
        "error": 0.13809994388595626, 
        "fit": "average_SEM", 
        "value": 0.05029942025947902
    }, 
    "L1": {
        "error": 0.26521632218925234, 
        "fit": "average_SEM", 
        "value": 0.10445434263415841
    }, 
    "L2": {
        "error": 0.04702293276206098, 
        "fit": "average_SEM", 
        "value": 0.13087594348471612
    }
}