{
    "AX": {
        "error": 0.050858840367822816, 
        "fit": "average_SEM", 
        "value": 0.13401590645727185
    }, 
    "CDD": {
        "error": 0.00024068260840832707, 
        "fit": "average_SEM", 
        "value": 0.0003061504416917968
    }, 
    "H1": {
        "error": 0.05875121728614954, 
        "fit": "average_SEM", 
        "value": 0.2780946013828119
    }, 
    "H2": {
        "error": 0.1139412615452894, 
        "fit": "average_SEM", 
        "value": 0.014422983407793152
    }, 
    "L1": {
        "error": 0.2925237276603591, 
        "fit": "average_SEM", 
        "value": 0.09841359421714313
    }, 
    "L2": {
        "error": 0.04591611894118963, 
        "fit": "average_SEM", 
        "value": 0.1354557461829649
    }
}