{
    "AX": {
        "error": 0.0550484814475083, 
        "fit": "average_SEM", 
        "value": 0.13429068856251736
    }, 
    "CDD": {
        "error": 0.0001961098835529531, 
        "fit": "average_SEM", 
        "value": 0.0002375305140352187
    }, 
    "H1": {
        "error": 0.06350781132123091, 
        "fit": "average_SEM", 
        "value": 0.2723680368728108
    }, 
    "H2": {
        "error": 0.1363246541987707, 
        "fit": "average_SEM", 
        "value": 0.047281416697660464
    }, 
    "L1": {
        "error": 0.26003158766323786, 
        "fit": "average_SEM", 
        "value": 0.11258895583192094
    }, 
    "L2": {
        "error": 0.04991439720068661, 
        "fit": "average_SEM", 
        "value": 0.1305601539517132
    }
}