{
    "AX": {
        "error": 0.05635446662005204, 
        "fit": "average_SEM", 
        "value": 0.1669048497763773
    }, 
    "CDD": {
        "error": 0.0001812305055380189, 
        "fit": "average_SEM", 
        "value": 0.00017946749831025953
    }, 
    "H1": {
        "error": 0.053891647849558924, 
        "fit": "average_SEM", 
        "value": 0.2922296275695165
    }, 
    "H2": {
        "error": 0.125935251203511, 
        "fit": "average_SEM", 
        "value": -0.007018518186184034
    }, 
    "L1": {
        "error": 0.3235032518739169, 
        "fit": "average_SEM", 
        "value": 0.09317635959014296
    }, 
    "L2": {
        "error": 0.053213760174843076, 
        "fit": "average_SEM", 
        "value": 0.13668704433366657
    }
}