{
    "AX": {
        "error": 0.055430816124192414, 
        "fit": "average_SEM", 
        "value": 0.1641818542809536
    }, 
    "CDD": {
        "error": 0.00021208976689208843, 
        "fit": "average_SEM", 
        "value": 0.0002269736023057097
    }, 
    "H1": {
        "error": 0.04414239511532857, 
        "fit": "average_SEM", 
        "value": 0.2941715215643247
    }, 
    "H2": {
        "error": 0.13259497479982718, 
        "fit": "average_SEM", 
        "value": -0.02458856555943688
    }, 
    "L1": {
        "error": 0.3504226407441092, 
        "fit": "average_SEM", 
        "value": 0.08971666664656368
    }, 
    "L2": {
        "error": 0.051975549205851075, 
        "fit": "average_SEM", 
        "value": 0.13433060289438192
    }
}