{
    "AX": {
        "error": 0.052592245270182664, 
        "fit": "average_SEM", 
        "value": 0.16013933370510738
    }, 
    "CDD": {
        "error": 0.00017939422673414083, 
        "fit": "average_SEM", 
        "value": 0.00022873308868535483
    }, 
    "H1": {
        "error": 0.0627196711754969, 
        "fit": "average_SEM", 
        "value": 0.292987262043688
    }, 
    "H2": {
        "error": 0.12722235057087292, 
        "fit": "average_SEM", 
        "value": 0.005868329413028227
    }, 
    "L1": {
        "error": 0.30014445516005883, 
        "fit": "average_SEM", 
        "value": 0.12728187739267013
    }, 
    "L2": {
        "error": 0.05091961395131645, 
        "fit": "average_SEM", 
        "value": 0.14292819634493853
    }
}