{
    "AX": {
        "error": 0.061856894671242266, 
        "fit": "average_SEM", 
        "value": 0.16453173984256056
    }, 
    "CDD": {
        "error": 0.00014083788076208603, 
        "fit": "average_SEM", 
        "value": 0.00012668293784372507
    }, 
    "H1": {
        "error": 0.039868604260601286, 
        "fit": "average_SEM", 
        "value": 0.2402139540347788
    }, 
    "H2": {
        "error": 0.13945981601868648, 
        "fit": "average_SEM", 
        "value": 0.0075959986437939934
    }, 
    "L1": {
        "error": 0.34020929645971854, 
        "fit": "average_SEM", 
        "value": 0.10080163194539232
    }, 
    "L2": {
        "error": 0.054240263450772555, 
        "fit": "average_SEM", 
        "value": 0.12916397530482046
    }
}