{
    "AX": {
        "error": 0.05713702419694164, 
        "fit": "average_SEM", 
        "value": 0.16503871830387248
    }, 
    "CDD": {
        "error": 0.00025112199787177803, 
        "fit": "average_SEM", 
        "value": 0.00032374529594865936
    }, 
    "H1": {
        "error": 0.06523070615941048, 
        "fit": "average_SEM", 
        "value": 0.27822921185029875
    }, 
    "H2": {
        "error": 0.1387197680763586, 
        "fit": "average_SEM", 
        "value": 0.008601767804308717
    }, 
    "L1": {
        "error": 0.30501564793146296, 
        "fit": "average_SEM", 
        "value": 0.10462611860000631
    }, 
    "L2": {
        "error": 0.05484813102329132, 
        "fit": "average_SEM", 
        "value": 0.12997019533585344
    }
}