{
    "AX": {
        "error": 0.06226417880989184, 
        "fit": "average_SEM", 
        "value": 0.16378890062785811
    }, 
    "CDD": {
        "error": 0.00014782218233737413, 
        "fit": "average_SEM", 
        "value": 0.0001231639688032576
    }, 
    "H1": {
        "error": 0.0440107330874044, 
        "fit": "average_SEM", 
        "value": 0.24042346825202307
    }, 
    "H2": {
        "error": 0.11334032579102157, 
        "fit": "average_SEM", 
        "value": -0.0071626536793903345
    }, 
    "L1": {
        "error": 0.3377841586369231, 
        "fit": "average_SEM", 
        "value": 0.07332327826103817
    }, 
    "L2": {
        "error": 0.05098311853661045, 
        "fit": "average_SEM", 
        "value": 0.13410527555582424
    }
}