{
    "AX": {
        "error": 0.05668460030569128, 
        "fit": "average_SEM", 
        "value": 0.16432325285342003
    }, 
    "CDD": {
        "error": 9.132275166883783e-05, 
        "fit": "average_SEM", 
        "value": 6.334146730498307e-05
    }, 
    "H1": {
        "error": 0.0435570923346533, 
        "fit": "average_SEM", 
        "value": 0.220911153488689
    }, 
    "H2": {
        "error": 0.13064821403669072, 
        "fit": "average_SEM", 
        "value": -0.006567376384676512
    }, 
    "L1": {
        "error": 0.31940728247556344, 
        "fit": "average_SEM", 
        "value": 0.09716292023141351
    }, 
    "L2": {
        "error": 0.05439272828432644, 
        "fit": "average_SEM", 
        "value": 0.1370261653455802
    }
}