{
    "AX": {
        "error": 0.05896135470531414, 
        "fit": "average_SEM", 
        "value": 0.16950111738535473
    }, 
    "CDD": {
        "error": 0.00014509687019544063, 
        "fit": "average_SEM", 
        "value": 0.00014955624760154426
    }, 
    "H1": {
        "error": 0.04486830899471118, 
        "fit": "average_SEM", 
        "value": 0.2447891443139977
    }, 
    "H2": {
        "error": 0.13383784065708898, 
        "fit": "average_SEM", 
        "value": -0.007218464032889137
    }, 
    "L1": {
        "error": 0.32851850391621135, 
        "fit": "average_SEM", 
        "value": 0.09515326771264275
    }, 
    "L2": {
        "error": 0.061071336505047126, 
        "fit": "average_SEM", 
        "value": 0.13294398344555197
    }
}