{
    "AX": {
        "error": 0.05391882741408018, 
        "fit": "average_SEM", 
        "value": 0.1633049708066715
    }, 
    "CDD": {
        "error": 0.00012794438081572626, 
        "fit": "average_SEM", 
        "value": 0.00012140448234276846
    }, 
    "H1": {
        "error": 0.044457427808592895, 
        "fit": "average_SEM", 
        "value": 0.2235409527189202
    }, 
    "H2": {
        "error": 0.13898051593670158, 
        "fit": "average_SEM", 
        "value": 0.010276994652425249
    }, 
    "L1": {
        "error": 0.34898394562013113, 
        "fit": "average_SEM", 
        "value": 0.10285144361356895
    }, 
    "L2": {
        "error": 0.05043166138848541, 
        "fit": "average_SEM", 
        "value": 0.14280100707999535
    }
}