{
    "AX": {
        "error": 0.06189375642743999, 
        "fit": "average_SEM", 
        "value": 0.1751464488191737
    }, 
    "CDD": {
        "error": 0.00012253255251828022, 
        "fit": "average_SEM", 
        "value": 0.00010908808488036609
    }, 
    "H1": {
        "error": 0.040626004105209244, 
        "fit": "average_SEM", 
        "value": 0.25449017120732204
    }, 
    "H2": {
        "error": 0.11708737439818287, 
        "fit": "average_SEM", 
        "value": -0.02604346670753633
    }, 
    "L1": {
        "error": 0.3281251422453857, 
        "fit": "average_SEM", 
        "value": 0.1045228997245431
    }, 
    "L2": {
        "error": 0.06140915647854312, 
        "fit": "average_SEM", 
        "value": 0.14082477438367075
    }
}