{
    "AX": {
        "error": 0.04716034256303307, 
        "fit": "average_SEM", 
        "value": 0.16837447045577897
    }, 
    "CDD": {
        "error": 0.00010942778484435165, 
        "fit": "average_SEM", 
        "value": 7.917683526304447e-05
    }, 
    "H1": {
        "error": 0.040685384614810145, 
        "fit": "average_SEM", 
        "value": 0.22677145699659984
    }, 
    "H2": {
        "error": 0.13421599892241953, 
        "fit": "average_SEM", 
        "value": -0.00806170730470007
    }, 
    "L1": {
        "error": 0.3252464563266042, 
        "fit": "average_SEM", 
        "value": 0.11013624038961199
    }, 
    "L2": {
        "error": 0.059177796747957256, 
        "fit": "average_SEM", 
        "value": 0.13672258011582825
    }
}