{
    "AX": {
        "error": 0.0534969407499077, 
        "fit": "average_SEM", 
        "value": 0.16344731785356997
    }, 
    "CDD": {
        "error": 0.00017992568919498772, 
        "fit": "average_SEM", 
        "value": 0.000216416689606073
    }, 
    "H1": {
        "error": 0.05169263336219582, 
        "fit": "average_SEM", 
        "value": 0.2738278690311644
    }, 
    "H2": {
        "error": 0.1249019773087531, 
        "fit": "average_SEM", 
        "value": -0.0015654937338290943
    }, 
    "L1": {
        "error": 0.3342695435294442, 
        "fit": "average_SEM", 
        "value": 0.11855671955531256
    }, 
    "L2": {
        "error": 0.05033849233349331, 
        "fit": "average_SEM", 
        "value": 0.14152020034897658
    }
}