{
    "AX": {
        "error": 0.0593937463943313, 
        "fit": "average_SEM", 
        "value": 0.16811858543919192
    }, 
    "CDD": {
        "error": 0.00021352672402366333, 
        "fit": "average_SEM", 
        "value": 0.0003096694133192715
    }, 
    "H1": {
        "error": 0.08313797616362814, 
        "fit": "average_SEM", 
        "value": 0.2700745780227913
    }, 
    "H2": {
        "error": 0.14227303242644007, 
        "fit": "average_SEM", 
        "value": -0.012974263738012977
    }, 
    "L1": {
        "error": 0.32729935691532175, 
        "fit": "average_SEM", 
        "value": 0.087178838889425
    }, 
    "L2": {
        "error": 0.04728799978955178, 
        "fit": "average_SEM", 
        "value": 0.14092759014003806
    }
}