{
    "AX": {
        "error": 0.06086963452488259, 
        "fit": "average_SEM", 
        "value": 0.16442389760632067
    }, 
    "CDD": {
        "error": 0.00012237916250957049, 
        "fit": "average_SEM", 
        "value": 9.853117274663722e-05
    }, 
    "H1": {
        "error": 0.04652348550796657, 
        "fit": "average_SEM", 
        "value": 0.2356080917848481
    }, 
    "H2": {
        "error": 0.14208560962849687, 
        "fit": "average_SEM", 
        "value": 0.008272043114993721
    }, 
    "L1": {
        "error": 0.34647215433568906, 
        "fit": "average_SEM", 
        "value": 0.1089923247766112
    }, 
    "L2": {
        "error": 0.05794793567785069, 
        "fit": "average_SEM", 
        "value": 0.12782786814495922
    }
}