{
    "AX": {
        "error": 0.0579177176990205, 
        "fit": "average_SEM", 
        "value": 0.17066096398565506
    }, 
    "CDD": {
        "error": 0.00018012566904943207, 
        "fit": "average_SEM", 
        "value": 0.00021817617638993802
    }, 
    "H1": {
        "error": 0.04469063540364589, 
        "fit": "average_SEM", 
        "value": 0.26754533582263523
    }, 
    "H2": {
        "error": 0.13742761969824, 
        "fit": "average_SEM", 
        "value": 0.003576029628230673
    }, 
    "L1": {
        "error": 0.29419488378810427, 
        "fit": "average_SEM", 
        "value": 0.0950045109881709
    }, 
    "L2": {
        "error": 0.045117205669371115, 
        "fit": "average_SEM", 
        "value": 0.13415162641968992
    }
}