{
    "AX": {
        "error": 0.059175786127074644, 
        "fit": "average_SEM", 
        "value": 0.17804059082021315
    }, 
    "CDD": {
        "error": 0.00020806895599704037, 
        "fit": "average_SEM", 
        "value": 0.00029735301423998965
    }, 
    "H1": {
        "error": 0.06757192524051661, 
        "fit": "average_SEM", 
        "value": 0.2906381256464455
    }, 
    "H2": {
        "error": 0.12962481449919144, 
        "fit": "average_SEM", 
        "value": -0.004764076529277695
    }, 
    "L1": {
        "error": 0.3376509039900821, 
        "fit": "average_SEM", 
        "value": 0.11333947794304954
    }, 
    "L2": {
        "error": 0.057026195767099386, 
        "fit": "average_SEM", 
        "value": 0.13968393774315094
    }
}