{
    "AX": {
        "error": 0.045297010696284806, 
        "fit": "average_SEM", 
        "value": 0.16767738370431795
    }, 
    "CDD": {
        "error": 0.00020836965732938222, 
        "fit": "average_SEM", 
        "value": 0.0002480874266540114
    }, 
    "H1": {
        "error": 0.06302982164013789, 
        "fit": "average_SEM", 
        "value": 0.2820538131727113
    }, 
    "H2": {
        "error": 0.14207887209166606, 
        "fit": "average_SEM", 
        "value": 0.0014189079403877259
    }, 
    "L1": {
        "error": 0.3217294341208023, 
        "fit": "average_SEM", 
        "value": 0.09170862896652478
    }, 
    "L2": {
        "error": 0.051126073178632166, 
        "fit": "average_SEM", 
        "value": 0.13293112425340547
    }
}