{
    "AX": {
        "error": 0.05359117278737838, 
        "fit": "average_SEM", 
        "value": 0.16230942921506034
    }, 
    "CDD": {
        "error": 0.00011411915664875367, 
        "fit": "average_SEM", 
        "value": 8.797426093628423e-05
    }, 
    "H1": {
        "error": 0.040178918823697264, 
        "fit": "average_SEM", 
        "value": 0.23857858263783985
    }, 
    "H2": {
        "error": 0.12397294768467185, 
        "fit": "average_SEM", 
        "value": 0.018409645862347033
    }, 
    "L1": {
        "error": 0.3529457816291188, 
        "fit": "average_SEM", 
        "value": 0.11766333997818745
    }, 
    "L2": {
        "error": 0.04836147538423726, 
        "fit": "average_SEM", 
        "value": 0.1416859473619196
    }
}