{
    "AX": {
        "error": 0.0538617494020199, 
        "fit": "average_SEM", 
        "value": 0.17046198776612678
    }, 
    "CDD": {
        "error": 0.00018778384349181984, 
        "fit": "average_SEM", 
        "value": 0.00018650544015043932
    }, 
    "H1": {
        "error": 0.049990468012196546, 
        "fit": "average_SEM", 
        "value": 0.25274156315459145
    }, 
    "H2": {
        "error": 0.12924801251439, 
        "fit": "average_SEM", 
        "value": -0.009839141767265068
    }, 
    "L1": {
        "error": 0.31992979514561276, 
        "fit": "average_SEM", 
        "value": 0.12044892898864216
    }, 
    "L2": {
        "error": 0.049943455604168074, 
        "fit": "average_SEM", 
        "value": 0.13852688961455392
    }
}