{
    "AX": {
        "error": 0.05765141284410278, 
        "fit": "average_SEM", 
        "value": 0.17423158345950973
    }, 
    "CDD": {
        "error": 0.0001548958003331734, 
        "fit": "average_SEM", 
        "value": 0.00013020190930951178
    }, 
    "H1": {
        "error": 0.050356888799271846, 
        "fit": "average_SEM", 
        "value": 0.2324212257232931
    }, 
    "H2": {
        "error": 0.13416745404851405, 
        "fit": "average_SEM", 
        "value": 0.00319583222751842
    }, 
    "L1": {
        "error": 0.3356976013208029, 
        "fit": "average_SEM", 
        "value": 0.15689142004897197
    }, 
    "L2": {
        "error": 0.058222345568550354, 
        "fit": "average_SEM", 
        "value": 0.1441437007445428
    }
}