{
    "AX": {
        "error": 0.053451076862081066, 
        "fit": "average_SEM", 
        "value": 0.16413846127688886
    }, 
    "CDD": {
        "error": 0.0001872161664842925, 
        "fit": "average_SEM", 
        "value": 0.00028503661871784265
    }, 
    "H1": {
        "error": 0.05200942642255445, 
        "fit": "average_SEM", 
        "value": 0.2661462124851015
    }, 
    "H2": {
        "error": 0.1102706475857738, 
        "fit": "average_SEM", 
        "value": 0.01868486428219411
    }, 
    "L1": {
        "error": 0.32497190996347336, 
        "fit": "average_SEM", 
        "value": 0.11128189485106203
    }, 
    "L2": {
        "error": 0.050455567137103016, 
        "fit": "average_SEM", 
        "value": 0.14107778896060255
    }
}