{
    "AX": {
        "error": 0.05426796046040644, 
        "fit": "average_SEM", 
        "value": 0.1740262523293495
    }, 
    "CDD": {
        "error": 0.00020024861219327083, 
        "fit": "average_SEM", 
        "value": 0.00026216330928339934
    }, 
    "H1": {
        "error": 0.06598443801965144, 
        "fit": "average_SEM", 
        "value": 0.28136147099236647
    }, 
    "H2": {
        "error": 0.12934834142920285, 
        "fit": "average_SEM", 
        "value": 0.018344304446751874
    }, 
    "L1": {
        "error": 0.3215570822092475, 
        "fit": "average_SEM", 
        "value": 0.07444129614935567
    }, 
    "L2": {
        "error": 0.052883418962242724, 
        "fit": "average_SEM", 
        "value": 0.1455798226615621
    }
}