{
    "AX": {
        "error": 0.054795561749188426, 
        "fit": "average_SEM", 
        "value": 0.16987999280293783
    }, 
    "CDD": {
        "error": 0.00017289834802663756, 
        "fit": "average_SEM", 
        "value": 0.00014251830677191417
    }, 
    "H1": {
        "error": 0.04509468075431675, 
        "fit": "average_SEM", 
        "value": 0.2585700629485978
    }, 
    "H2": {
        "error": 0.13368006818603664, 
        "fit": "average_SEM", 
        "value": -0.014187080241067128
    }, 
    "L1": {
        "error": 0.33461224889699315, 
        "fit": "average_SEM", 
        "value": 0.13144304969141052
    }, 
    "L2": {
        "error": 0.057189448861527714, 
        "fit": "average_SEM", 
        "value": 0.13315556137822568
    }
}