{
    "AX": {
        "error": 0.0567762388244019, 
        "fit": "average_SEM", 
        "value": 0.16910253481473775
    }, 
    "CDD": {
        "error": 0.0001288222252676664, 
        "fit": "average_SEM", 
        "value": 0.00011084757053241548
    }, 
    "H1": {
        "error": 0.045956168815506994, 
        "fit": "average_SEM", 
        "value": 0.2560141319202052
    }, 
    "H2": {
        "error": 0.11756282368706751, 
        "fit": "average_SEM", 
        "value": 0.0043405229751240565
    }, 
    "L1": {
        "error": 0.3423577810404709, 
        "fit": "average_SEM", 
        "value": 0.12541558562338145
    }, 
    "L2": {
        "error": 0.05464772306694272, 
        "fit": "average_SEM", 
        "value": 0.134240236852525
    }
}