{
    "AX": {
        "error": 0.05020681636371668, 
        "fit": "average_SEM", 
        "value": 0.1718150057726436
    }, 
    "CDD": {
        "error": 0.00015266667722389763, 
        "fit": "average_SEM", 
        "value": 0.00016715110007983942
    }, 
    "H1": {
        "error": 0.050668337494291726, 
        "fit": "average_SEM", 
        "value": 0.2637548660238584
    }, 
    "H2": {
        "error": 0.1303346100836156, 
        "fit": "average_SEM", 
        "value": -0.006587738325793503
    }, 
    "L1": {
        "error": 0.31297471061541127, 
        "fit": "average_SEM", 
        "value": 0.10640834331279621
    }, 
    "L2": {
        "error": 0.0519223279652149, 
        "fit": "average_SEM", 
        "value": 0.14249478268126647
    }
}