{
    "AX": {
        "error": 0.05507544549067291, 
        "fit": "average_SEM", 
        "value": 0.17837552074342966
    }, 
    "CDD": {
        "error": 0.0001635948230343567, 
        "fit": "average_SEM", 
        "value": 0.00015659418907792617
    }, 
    "H1": {
        "error": 0.04517362544611339, 
        "fit": "average_SEM", 
        "value": 0.27202853361765544
    }, 
    "H2": {
        "error": 0.11339874005234564, 
        "fit": "average_SEM", 
        "value": 0.01384631638518638
    }, 
    "L1": {
        "error": 0.3274063893839459, 
        "fit": "average_SEM", 
        "value": 0.12244951321044936
    }, 
    "L2": {
        "error": 0.055036119350503725, 
        "fit": "average_SEM", 
        "value": 0.15222946622201966
    }
}