{
    "AX": {
        "error": 0.05099891138964528, 
        "fit": "average_SEM", 
        "value": 0.17238609616955122
    }, 
    "CDD": {
        "error": 0.00017289835136107573, 
        "fit": "average_SEM", 
        "value": 0.0002269736031949934
    }, 
    "H1": {
        "error": 0.04748528959179647, 
        "fit": "average_SEM", 
        "value": 0.2811272520158026
    }, 
    "H2": {
        "error": 0.11805591097714681, 
        "fit": "average_SEM", 
        "value": 0.014850213678760662
    }, 
    "L1": {
        "error": 0.3355284256001756, 
        "fit": "average_SEM", 
        "value": 0.10812042364074538
    }, 
    "L2": {
        "error": 0.05018201196952556, 
        "fit": "average_SEM", 
        "value": 0.14362917505204678
    }
}