{
    "AX": {
        "error": 0.05934040209065063, 
        "fit": "average_SEM", 
        "value": 0.1650531441387203
    }, 
    "CDD": {
        "error": 0.00012437105561381793, 
        "fit": "average_SEM", 
        "value": 0.00010029065904543838
    }, 
    "H1": {
        "error": 0.04559421601588262, 
        "fit": "average_SEM", 
        "value": 0.24741352167394426
    }, 
    "H2": {
        "error": 0.13499748066145045, 
        "fit": "average_SEM", 
        "value": -0.0014422182200683488
    }, 
    "L1": {
        "error": 0.3441137244880927, 
        "fit": "average_SEM", 
        "value": 0.11006490918807685
    }, 
    "L2": {
        "error": 0.0520874267735881, 
        "fit": "average_SEM", 
        "value": 0.14143992968731456
    }
}