{
    "AX": {
        "error": 0.057992855360289426, 
        "fit": "average_SEM", 
        "value": 0.17420231712361176
    }, 
    "CDD": {
        "error": 9.587158529247641e-05, 
        "fit": "average_SEM", 
        "value": 5.630352679872885e-05
    }, 
    "H1": {
        "error": 0.04312600463606972, 
        "fit": "average_SEM", 
        "value": 0.22891126804881626
    }, 
    "H2": {
        "error": 0.10881738976893335, 
        "fit": "average_SEM", 
        "value": -0.007048868833226152
    }, 
    "L1": {
        "error": 0.31332409234151254, 
        "fit": "average_SEM", 
        "value": 0.13476300387151746
    }, 
    "L2": {
        "error": 0.056373321736000646, 
        "fit": "average_SEM", 
        "value": 0.14635276877217823
    }
}