{
    "AX": {
        "error": 0.05224244323677525, 
        "fit": "average_SEM", 
        "value": 0.16720033896466097
    }, 
    "CDD": {
        "error": 0.00013688838854260761, 
        "fit": "average_SEM", 
        "value": 0.00012272409621800763
    }, 
    "H1": {
        "error": 0.04708907800778693, 
        "fit": "average_SEM", 
        "value": 0.24466012679040433
    }, 
    "H2": {
        "error": 0.13758087145431513, 
        "fit": "average_SEM", 
        "value": 0.026447513533275922
    }, 
    "L1": {
        "error": 0.32768685822318167, 
        "fit": "average_SEM", 
        "value": 0.13725924177560955
    }, 
    "L2": {
        "error": 0.05183953585273111, 
        "fit": "average_SEM", 
        "value": 0.13894684404755633
    }
}