{
    "AX": {
        "error": 0.050106965764561424, 
        "fit": "average_SEM", 
        "value": 0.1735638304717011
    }, 
    "CDD": {
        "error": 0.00016002526485107166, 
        "fit": "average_SEM", 
        "value": 0.00017594852769333455
    }, 
    "H1": {
        "error": 0.047592468436246996, 
        "fit": "average_SEM", 
        "value": 0.24914789241221216
    }, 
    "H2": {
        "error": 0.14660333785630253, 
        "fit": "average_SEM", 
        "value": 0.027140676711375513
    }, 
    "L1": {
        "error": 0.30928441221047925, 
        "fit": "average_SEM", 
        "value": 0.10920644700785892
    }, 
    "L2": {
        "error": 0.054177438044935064, 
        "fit": "average_SEM", 
        "value": 0.1392787771816883
    }
}