{
    "AX": {
        "error": 0.05699313843885539, 
        "fit": "average_SEM", 
        "value": 0.17675647942556275
    }, 
    "CDD": {
        "error": 0.0002046326996083067, 
        "fit": "average_SEM", 
        "value": 0.0002779986765947089
    }, 
    "H1": {
        "error": 0.05770723395002891, 
        "fit": "average_SEM", 
        "value": 0.2643823982112937
    }, 
    "H2": {
        "error": 0.11822071324957696, 
        "fit": "average_SEM", 
        "value": 0.051226508561780466
    }, 
    "L1": {
        "error": 0.30637371976348077, 
        "fit": "average_SEM", 
        "value": 0.1258354375953786
    }, 
    "L2": {
        "error": 0.05143952640941473, 
        "fit": "average_SEM", 
        "value": 0.1408043736850636
    }
}