{
    "AX": {
        "error": 0.05575046317813449, 
        "fit": "average_SEM", 
        "value": 0.16246000972265998
    }, 
    "CDD": {
        "error": 0.0002469044376480643, 
        "fit": "average_SEM", 
        "value": 0.0003404604041861603
    }, 
    "H1": {
        "error": 0.07720002253804964, 
        "fit": "average_SEM", 
        "value": 0.3117848945703978
    }, 
    "H2": {
        "error": 0.12651259534667117, 
        "fit": "average_SEM", 
        "value": -0.04653474122363453
    }, 
    "L1": {
        "error": 0.2704221271040379, 
        "fit": "average_SEM", 
        "value": 0.1116755947121419
    }, 
    "L2": {
        "error": 0.054577799272469994, 
        "fit": "average_SEM", 
        "value": 0.13840152520375948
    }
}