{
    "AX": {
        "error": 0.05404392841131103, 
        "fit": "average_SEM", 
        "value": 0.1666952962987125
    }, 
    "CDD": {
        "error": 0.00022531785721744964, 
        "fit": "average_SEM", 
        "value": 0.00031274851219980824
    }, 
    "H1": {
        "error": 0.06699997369932602, 
        "fit": "average_SEM", 
        "value": 0.3160123915721973
    }, 
    "H2": {
        "error": 0.120550584365773, 
        "fit": "average_SEM", 
        "value": -0.03708781941986672
    }, 
    "L1": {
        "error": 0.28481486077454, 
        "fit": "average_SEM", 
        "value": 0.1376111803149494
    }, 
    "L2": {
        "error": 0.050356804415153875, 
        "fit": "average_SEM", 
        "value": 0.14529068250655353
    }
}