{
    "AX": {
        "error": 0.05330790362928877, 
        "fit": "average_SEM", 
        "value": 0.16429143069932858
    }, 
    "CDD": {
        "error": 0.00022138681651757275, 
        "fit": "average_SEM", 
        "value": 0.000325944653498785
    }, 
    "H1": {
        "error": 0.09151344510959122, 
        "fit": "average_SEM", 
        "value": 0.3157939301493267
    }, 
    "H2": {
        "error": 0.1180085124122191, 
        "fit": "average_SEM", 
        "value": -0.04051041653339477
    }, 
    "L1": {
        "error": 0.2774205598480751, 
        "fit": "average_SEM", 
        "value": 0.09934731177830448
    }, 
    "L2": {
        "error": 0.05407627793284341, 
        "fit": "average_SEM", 
        "value": 0.1423033722055455
    }
}