{
    "AX": {
        "error": 0.05668858308241093, 
        "fit": "average_SEM", 
        "value": 0.1619342570193112
    }, 
    "CDD": {
        "error": 0.00013063959937494808, 
        "fit": "average_SEM", 
        "value": 0.0001042495008732658
    }, 
    "H1": {
        "error": 0.048874430497812024, 
        "fit": "average_SEM", 
        "value": 0.23913871602465708
    }, 
    "H2": {
        "error": 0.11739271767772157, 
        "fit": "average_SEM", 
        "value": -0.033507798612117765
    }, 
    "L1": {
        "error": 0.2791452129376575, 
        "fit": "average_SEM", 
        "value": 0.11201441037022354
    }, 
    "L2": {
        "error": 0.0541551671329337, 
        "fit": "average_SEM", 
        "value": 0.1441067424369976
    }
}