{
    "AX": {
        "error": 0.05699339788549081, 
        "fit": "average_SEM", 
        "value": 0.15312667849163214
    }, 
    "CDD": {
        "error": 9.39266542863287e-05, 
        "fit": "average_SEM", 
        "value": 5.806301220824632e-05
    }, 
    "H1": {
        "error": 0.039376442997941484, 
        "fit": "average_SEM", 
        "value": 0.21951264577607313
    }, 
    "H2": {
        "error": 0.12504765734367915, 
        "fit": "average_SEM", 
        "value": -0.02967305281102502
    }, 
    "L1": {
        "error": 0.26424793092131177, 
        "fit": "average_SEM", 
        "value": 0.11842513441709647
    }, 
    "L2": {
        "error": 0.05662821336765099, 
        "fit": "average_SEM", 
        "value": 0.13980836164361488
    }
}