{
    "AX": {
        "error": 0.04284120430998481, 
        "fit": "average_SEM", 
        "value": 0.15939204714571437
    }, 
    "CDD": {
        "error": 0.00011194158821485847, 
        "fit": "average_SEM", 
        "value": 8.973374679044355e-05
    }, 
    "H1": {
        "error": 0.041864002457870725, 
        "fit": "average_SEM", 
        "value": 0.23595344945788382
    }, 
    "H2": {
        "error": 0.12413665488558238, 
        "fit": "average_SEM", 
        "value": -0.017737374348265198
    }, 
    "L1": {
        "error": 0.2592384244511304, 
        "fit": "average_SEM", 
        "value": 0.15779926858570736
    }, 
    "L2": {
        "error": 0.05612266771769611, 
        "fit": "average_SEM", 
        "value": 0.13494427659679786
    }
}