{
    "AX": {
        "error": 0.051994931709983316, 
        "fit": "average_SEM", 
        "value": 0.15174794606864453
    }, 
    "CDD": {
        "error": 0.00013335959923875006, 
        "fit": "average_SEM", 
        "value": 4.0468160295858977e-05
    }, 
    "H1": {
        "error": 0.04018228174949876, 
        "fit": "average_SEM", 
        "value": 0.2199486240744591
    }, 
    "H2": {
        "error": 0.11597257855783423, 
        "fit": "average_SEM", 
        "value": -0.12920513477357518
    }, 
    "L1": {
        "error": 0.1881809705086999, 
        "fit": "average_SEM", 
        "value": -0.010935332302728461
    }, 
    "L2": {
        "error": 0.05426549684182429, 
        "fit": "average_SEM", 
        "value": 0.14512861370005542
    }
}