{
    "AX": {
        "error": 0.06084550425049259, 
        "fit": "average_SEM", 
        "value": 0.1585326523002651
    }, 
    "CDD": {
        "error": 0.00018062031749674877, 
        "fit": "average_SEM", 
        "value": 0.00018826492483236103
    }, 
    "H1": {
        "error": 0.06854495859695307, 
        "fit": "average_SEM", 
        "value": 0.26001170054078104
    }, 
    "H2": {
        "error": 0.11557415678680674, 
        "fit": "average_SEM", 
        "value": -0.0664376487405712
    }, 
    "L1": {
        "error": 0.20830669288944717, 
        "fit": "average_SEM", 
        "value": 0.03422444582231239
    }, 
    "L2": {
        "error": 0.045764726905915494, 
        "fit": "average_SEM", 
        "value": 0.13685399279412297
    }
}