{
    "AX": {
        "error": 0.04791452358055871, 
        "fit": "average_SEM", 
        "value": 0.15947726261284617
    }, 
    "CDD": {
        "error": 0.00013251181863631028, 
        "fit": "average_SEM", 
        "value": 0.00010380962937940946
    }, 
    "H1": {
        "error": 0.0508590255309152, 
        "fit": "average_SEM", 
        "value": 0.2546332369248072
    }, 
    "H2": {
        "error": 0.126973797249842, 
        "fit": "average_SEM", 
        "value": -0.12806215044628416
    }, 
    "L1": {
        "error": 0.18981062127592233, 
        "fit": "average_SEM", 
        "value": -0.01831465126015246
    }, 
    "L2": {
        "error": 0.04197762578574417, 
        "fit": "average_SEM", 
        "value": 0.14167301098091734
    }
}