{
    "AX": {
        "error": 0.05424336605606106, 
        "fit": "average_SEM", 
        "value": 0.15573960582001342
    }, 
    "CDD": {
        "error": 0.00014439395459125965, 
        "fit": "average_SEM", 
        "value": 0.0001055691151931468
    }, 
    "H1": {
        "error": 0.04827117614660143, 
        "fit": "average_SEM", 
        "value": 0.25050184196896025
    }, 
    "H2": {
        "error": 0.10905227088572554, 
        "fit": "average_SEM", 
        "value": -0.1445038456353359
    }, 
    "L1": {
        "error": 0.18345321417461918, 
        "fit": "average_SEM", 
        "value": -0.020303567845581308
    }, 
    "L2": {
        "error": 0.053675625747537085, 
        "fit": "average_SEM", 
        "value": 0.13104593751745092
    }
}