{
    "AX": {
        "error": 0.05738152040881902, 
        "fit": "average_SEM", 
        "value": 0.15780102150327163
    }, 
    "CDD": {
        "error": 0.00015602350347758084, 
        "fit": "average_SEM", 
        "value": 0.00013723985159433343
    }, 
    "H1": {
        "error": 0.05753032518886917, 
        "fit": "average_SEM", 
        "value": 0.2675670466489262
    }, 
    "H2": {
        "error": 0.11677214685072625, 
        "fit": "average_SEM", 
        "value": -0.12270332216220493
    }, 
    "L1": {
        "error": 0.17006854812607994, 
        "fit": "average_SEM", 
        "value": -0.015119816943640924
    }, 
    "L2": {
        "error": 0.05227440459334533, 
        "fit": "average_SEM", 
        "value": 0.13797406952621208
    }
}