{
    "AX": {
        "error": 0.05349434864035151, 
        "fit": "average_SEM", 
        "value": 0.1629650202476316
    }, 
    "CDD": {
        "error": 0.00012329663713184555, 
        "fit": "average_SEM", 
        "value": 9.149323256375889e-05
    }, 
    "H1": {
        "error": 0.04775147028607597, 
        "fit": "average_SEM", 
        "value": 0.23560223455230395
    }, 
    "H2": {
        "error": 0.12558442466562217, 
        "fit": "average_SEM", 
        "value": -0.05944025081375407
    }, 
    "L1": {
        "error": 0.17817701508621825, 
        "fit": "average_SEM", 
        "value": 0.0627526691261058
    }, 
    "L2": {
        "error": 0.05454649306830217, 
        "fit": "average_SEM", 
        "value": 0.1335822864021692
    }
}