{
    "AX": {
        "error": 0.05781576498473123, 
        "fit": "average_SEM", 
        "value": 0.15071992788256872
    }, 
    "CDD": {
        "error": 9.132275166883783e-05, 
        "fit": "average_SEM", 
        "value": 6.334146730498307e-05
    }, 
    "H1": {
        "error": 0.051054907984431894, 
        "fit": "average_SEM", 
        "value": 0.23391364382372962
    }, 
    "H2": {
        "error": 0.11857589192016206, 
        "fit": "average_SEM", 
        "value": -0.07352228554146778
    }, 
    "L1": {
        "error": 0.19785947269330176, 
        "fit": "average_SEM", 
        "value": 0.062491960877863066
    }, 
    "L2": {
        "error": 0.05366093780872281, 
        "fit": "average_SEM", 
        "value": 0.1317851135196785
    }
}