{
    "AX": {
        "error": 0.055031092532010155, 
        "fit": "average_SEM", 
        "value": 0.15129337557074096
    }, 
    "CDD": {
        "error": 0.0001331128904154976, 
        "fit": "average_SEM", 
        "value": 0.00014075881934129736
    }, 
    "H1": {
        "error": 0.06152282951535955, 
        "fit": "average_SEM", 
        "value": 0.2591613750904799
    }, 
    "H2": {
        "error": 0.11968538127818812, 
        "fit": "average_SEM", 
        "value": -0.05675249840714969
    }, 
    "L1": {
        "error": 0.18637789569791088, 
        "fit": "average_SEM", 
        "value": 0.050726442503380695
    }, 
    "L2": {
        "error": 0.0572535669665485, 
        "fit": "average_SEM", 
        "value": 0.13308611928174893
    }
}