{
    "AX": {
        "error": 0.054721713722637275, 
        "fit": "average_SEM", 
        "value": 0.15920719930695162
    }, 
    "CDD": {
        "error": 0.00013493483890482188, 
        "fit": "average_SEM", 
        "value": 0.00011964499669071907
    }, 
    "H1": {
        "error": 0.05120377931039773, 
        "fit": "average_SEM", 
        "value": 0.2677786091135608
    }, 
    "H2": {
        "error": 0.1209253005464492, 
        "fit": "average_SEM", 
        "value": -0.05182870401638663
    }, 
    "L1": {
        "error": 0.1855685751456624, 
        "fit": "average_SEM", 
        "value": 0.08382916437308773
    }, 
    "L2": {
        "error": 0.04828216456630656, 
        "fit": "average_SEM", 
        "value": 0.134344547531671
    }
}