{
    "AX": {
        "error": 0.054249637821571266, 
        "fit": "average_SEM", 
        "value": 0.14896734695260724
    }, 
    "CDD": {
        "error": 0.00011191702684204597, 
        "fit": "average_SEM", 
        "value": 7.565786476738544e-05
    }, 
    "H1": {
        "error": 0.056184692187444915, 
        "fit": "average_SEM", 
        "value": 0.22832515459093783
    }, 
    "H2": {
        "error": 0.12308104360481337, 
        "fit": "average_SEM", 
        "value": -0.048917670242695346
    }, 
    "L1": {
        "error": 0.189029754257876, 
        "fit": "average_SEM", 
        "value": 0.03648564973199326
    }, 
    "L2": {
        "error": 0.04628924584731607, 
        "fit": "average_SEM", 
        "value": 0.1278102297335863
    }
}