{
    "AX": {
        "error": 0.05450527338581166, 
        "fit": "average_SEM", 
        "value": 0.14615592217823076
    }, 
    "CDD": {
        "error": 0.0001436984962024689, 
        "fit": "average_SEM", 
        "value": 0.00014427779210058765
    }, 
    "H1": {
        "error": 0.06224210939579303, 
        "fit": "average_SEM", 
        "value": 0.2687053377429644
    }, 
    "H2": {
        "error": 0.12850933085294472, 
        "fit": "average_SEM", 
        "value": -0.03935278607273681
    }, 
    "L1": {
        "error": 0.20846218862446453, 
        "fit": "average_SEM", 
        "value": 0.0650038421050542
    }, 
    "L2": {
        "error": 0.053198739914189365, 
        "fit": "average_SEM", 
        "value": 0.1353590970703711
    }
}