{
    "AX": {
        "error": 0.05519583317099176, 
        "fit": "average_SEM", 
        "value": 0.14836815665993425
    }, 
    "CDD": {
        "error": 9.186959879867476e-05, 
        "fit": "average_SEM", 
        "value": 6.686043715389031e-05
    }, 
    "H1": {
        "error": 0.04831120411704981, 
        "fit": "average_SEM", 
        "value": 0.23900977356566322
    }, 
    "H2": {
        "error": 0.11126459800574022, 
        "fit": "average_SEM", 
        "value": -0.043168662727758704
    }, 
    "L1": {
        "error": 0.2316617571818483, 
        "fit": "average_SEM", 
        "value": 0.060835239470988095
    }, 
    "L2": {
        "error": 0.060648940733019296, 
        "fit": "average_SEM", 
        "value": 0.13298951339804463
    }
}