{
    "AX": {
        "error": 0.05019691036989472, 
        "fit": "average_SEM", 
        "value": 0.14850837998092176
    }, 
    "CDD": {
        "error": 0.0001440031731570615, 
        "fit": "average_SEM", 
        "value": 0.00014779676259624668
    }, 
    "H1": {
        "error": 0.05374306877726847, 
        "fit": "average_SEM", 
        "value": 0.2561158962133858
    }, 
    "H2": {
        "error": 0.11191510955651322, 
        "fit": "average_SEM", 
        "value": -0.05311879912818161
    }, 
    "L1": {
        "error": 0.24826571587660684, 
        "fit": "average_SEM", 
        "value": 0.12991574653424323
    }, 
    "L2": {
        "error": 0.05047264121705198, 
        "fit": "average_SEM", 
        "value": 0.13241700222715735
    }
}