{
    "AX": {
        "error": 0.05941996066948378, 
        "fit": "average_SEM", 
        "value": 0.16179925000502005
    }, 
    "CDD": {
        "error": 0.00014449148627284345, 
        "fit": "average_SEM", 
        "value": 0.00014251830677191417
    }, 
    "H1": {
        "error": 0.05530490153215865, 
        "fit": "average_SEM", 
        "value": 0.2574047470258342
    }, 
    "H2": {
        "error": 0.12069911168529489, 
        "fit": "average_SEM", 
        "value": -0.02881034752093304
    }, 
    "L1": {
        "error": 0.2289410395871617, 
        "fit": "average_SEM", 
        "value": 0.10545304181933816
    }, 
    "L2": {
        "error": 0.047930982257232045, 
        "fit": "average_SEM", 
        "value": 0.13641399666666984
    }
}