{
    "AX": {
        "error": 0.04742749855964455, 
        "fit": "average_SEM", 
        "value": 0.15589242930420572
    }, 
    "CDD": {
        "error": 0.0001263067628561182, 
        "fit": "average_SEM", 
        "value": 0.00010205014502086366
    }, 
    "H1": {
        "error": 0.05752565247438522, 
        "fit": "average_SEM", 
        "value": 0.24496355204686956
    }, 
    "H2": {
        "error": 0.1275422802097574, 
        "fit": "average_SEM", 
        "value": -0.032246072030264056
    }, 
    "L1": {
        "error": 0.23183742181487008, 
        "fit": "average_SEM", 
        "value": 0.05700229048961773
    }, 
    "L2": {
        "error": 0.05032852089080256, 
        "fit": "average_SEM", 
        "value": 0.13556210473179817
    }
}