{
    "Ar36": {
        "error": 0.0022999747402904771, 
        "fit": "linear", 
        "value": 0.025582166821348576
    }, 
    "Ar37": {
        "error": 0.060501238091831736, 
        "fit": "linear", 
        "value": 0.20537624274743921
    }, 
    "Ar38": {
        "error": 0.33545631845966511, 
        "fit": "linear", 
        "value": 0.21344635020890468
    }, 
    "Ar39": {
        "error": 0.061969657506721031, 
        "fit": "linear", 
        "value": 4.687753492173143
    }, 
    "Ar40": {
        "error": 0.31603683108335939, 
        "fit": "linear", 
        "value": 1092.7354902965701
    }, 
    "Ar41": {
        "error": 0.13058310483902821, 
        "fit": "average_SEM", 
        "value": 0.22761692734745642
    }
}