{
    "Ar36": {
        "error": 0.0016161295047257176, 
        "fit": "linear", 
        "value": 0.011718309227115888
    }, 
    "Ar37": {
        "error": 0.05586051932087166, 
        "fit": "linear", 
        "value": 0.2009785446801757
    }, 
    "Ar38": {
        "error": 0.34411270619238948, 
        "fit": "linear", 
        "value": 0.20724088708983007
    }, 
    "Ar39": {
        "error": 0.06313835284516775, 
        "fit": "linear", 
        "value": 7.5966189971847307
    }, 
    "Ar40": {
        "error": 0.3919048292743269, 
        "fit": "linear", 
        "value": 1781.0946300889127
    }, 
    "Ar41": {
        "error": 0.11886829026291909, 
        "fit": "average_SEM", 
        "value": 0.2431209903798299
    }
}