{
    "Ar36": {
        "error": 0.0021307253217271072, 
        "fit": "linear", 
        "value": 0.02155183751544526
    }, 
    "Ar37": {
        "error": 0.053292911179368088, 
        "fit": "linear", 
        "value": 0.1961291135263368
    }, 
    "Ar38": {
        "error": 0.35448549510535898, 
        "fit": "linear", 
        "value": 0.24370461148312733
    }, 
    "Ar39": {
        "error": 0.065284220442424351, 
        "fit": "linear", 
        "value": 9.4267616291149938
    }, 
    "Ar40": {
        "error": 0.4904473972935558, 
        "fit": "linear", 
        "value": 2228.012836823731
    }, 
    "Ar41": {
        "error": 0.12820297028153169, 
        "fit": "average_SEM", 
        "value": 0.23014254642650486
    }
}