{
    "Ar36": {
        "error": 0.0024049931178313031, 
        "fit": "linear", 
        "value": 0.034574017619877898
    }, 
    "Ar37": {
        "error": 0.052985584908025088, 
        "fit": "linear", 
        "value": 0.22819809181961151
    }, 
    "Ar38": {
        "error": 0.33284163118267168, 
        "fit": "linear", 
        "value": 0.29165858241474962
    }, 
    "Ar39": {
        "error": 0.070249574866382794, 
        "fit": "linear", 
        "value": 12.843180347350017
    }, 
    "Ar40": {
        "error": 0.64669173537408664, 
        "fit": "linear", 
        "value": 3052.0868456956659
    }, 
    "Ar41": {
        "error": 0.12003476938040759, 
        "fit": "average_SEM", 
        "value": 0.2642872621739904
    }
}