{
    "Ar36": {
        "error": 0.0016069729861203034, 
        "fit": "linear", 
        "value": 0.011525235247591857
    }, 
    "Ar37": {
        "error": 0.05388600782258688, 
        "fit": "linear", 
        "value": 0.21412324847833708
    }, 
    "Ar38": {
        "error": 0.33774536717480752, 
        "fit": "linear", 
        "value": 0.28458351244122959
    }, 
    "Ar39": {
        "error": 0.059891287443437191, 
        "fit": "linear", 
        "value": 11.76059729673565
    }, 
    "Ar40": {
        "error": 0.55189808563096432, 
        "fit": "linear", 
        "value": 2791.1641128172841
    }, 
    "Ar41": {
        "error": 0.13461859865128092, 
        "fit": "average_SEM", 
        "value": 0.27832041373476385
    }
}