{
    "Ar36": {
        "error": 0.0021029335941066827, 
        "fit": "linear", 
        "value": 0.019833161746618599
    }, 
    "Ar37": {
        "error": 0.05405453747793916, 
        "fit": "linear", 
        "value": 0.20919581590839256
    }, 
    "Ar38": {
        "error": 0.32692451702443864, 
        "fit": "linear", 
        "value": 0.21239343020276685
    }, 
    "Ar39": {
        "error": 0.061958140469152524, 
        "fit": "linear", 
        "value": 9.2567415956732404
    }, 
    "Ar40": {
        "error": 0.46517328849788209, 
        "fit": "linear", 
        "value": 2199.8274178469355
    }, 
    "Ar41": {
        "error": 0.13145551865451255, 
        "fit": "average_SEM", 
        "value": 0.25258020637867351
    }
}