{
    "Ar36": {
        "error": 0.0012479949458642308, 
        "fit": "linear", 
        "value": 0.008183661332285791
    }, 
    "Ar37": {
        "error": 0.048176865450456602, 
        "fit": "linear", 
        "value": 0.17082234395248785
    }, 
    "Ar38": {
        "error": 0.34103963167952994, 
        "fit": "linear", 
        "value": 0.20894015630827412
    }, 
    "Ar39": {
        "error": 0.062079576773790231, 
        "fit": "linear", 
        "value": 6.6431160785425973
    }, 
    "Ar40": {
        "error": 0.41472211673235804, 
        "fit": "linear", 
        "value": 1564.4981176288054
    }, 
    "Ar41": {
        "error": 0.12117858012020641, 
        "fit": "average_SEM", 
        "value": 0.25049876566355428
    }
}