{
    "Ar36": {
        "error": 0.0021155513643908823, 
        "fit": "linear", 
        "value": 0.022794800864586996
    }, 
    "Ar37": {
        "error": 0.051646518502082725, 
        "fit": "linear", 
        "value": 0.18668997731612813
    }, 
    "Ar38": {
        "error": 0.33787077734763699, 
        "fit": "linear", 
        "value": 0.21958283911891713
    }, 
    "Ar39": {
        "error": 0.066061793318679535, 
        "fit": "linear", 
        "value": 6.2543601669826581
    }, 
    "Ar40": {
        "error": 0.39074795341936186, 
        "fit": "linear", 
        "value": 1471.2621986588483
    }, 
    "Ar41": {
        "error": 0.12257060652816489, 
        "fit": "average_SEM", 
        "value": 0.22626221048956116
    }
}