{
    "Ar36": {
        "error": 0.0022677499207690351, 
        "fit": "linear", 
        "value": 0.028083991298669231
    }, 
    "Ar37": {
        "error": 0.054295212844230167, 
        "fit": "linear", 
        "value": 0.2100001403737928
    }, 
    "Ar38": {
        "error": 0.35991360804562528, 
        "fit": "linear", 
        "value": 0.24836139403953816
    }, 
    "Ar39": {
        "error": 0.068229476548788262, 
        "fit": "linear", 
        "value": 10.91481268524597
    }, 
    "Ar40": {
        "error": 0.59818723076136937, 
        "fit": "linear", 
        "value": 2587.3145742424313
    }, 
    "Ar41": {
        "error": 0.13270853425756493, 
        "fit": "average_SEM", 
        "value": 0.26074989358428868
    }
}