{
    "Ar36": {
        "error": 0.0016202665147398427, 
        "fit": "linear", 
        "value": 0.013715082444516979
    }, 
    "Ar37": {
        "error": 0.051423358186001189, 
        "fit": "linear", 
        "value": 0.19186625838165092
    }, 
    "Ar38": {
        "error": 0.33765617707124596, 
        "fit": "linear", 
        "value": 0.20160472084855652
    }, 
    "Ar39": {
        "error": 0.066161183087417877, 
        "fit": "linear", 
        "value": 7.629996767073278
    }, 
    "Ar40": {
        "error": 0.36733822574193731, 
        "fit": "linear", 
        "value": 1798.4171748985693
    }, 
    "Ar41": {
        "error": 0.1344923556647879, 
        "fit": "average_SEM", 
        "value": 0.2675560910386654
    }
}