{
    "Ar36": {
        "error": 0.0020136043447688376, 
        "fit": "linear", 
        "value": 0.025081334335600926
    }, 
    "Ar37": {
        "error": 0.047366137324986089, 
        "fit": "linear", 
        "value": 0.19866689207503688
    }, 
    "Ar38": {
        "error": 0.33732484430327581, 
        "fit": "linear", 
        "value": 0.25966819240897088
    }, 
    "Ar39": {
        "error": 0.069436488076760908, 
        "fit": "linear", 
        "value": 8.6065455522420606
    }, 
    "Ar40": {
        "error": 0.46369723186362977, 
        "fit": "linear", 
        "value": 2036.2948190449392
    }, 
    "Ar41": {
        "error": 0.14071575265508221, 
        "fit": "average_SEM", 
        "value": 0.22217167915485334
    }
}