{
    "Ar36": {
        "error": 0.0014208485437298983, 
        "fit": "linear", 
        "value": 0.010603614245828102
    }, 
    "Ar37": {
        "error": 0.048803948637002943, 
        "fit": "linear", 
        "value": 0.19815252098441141
    }, 
    "Ar38": {
        "error": 0.34922885492783329, 
        "fit": "linear", 
        "value": 0.18143153934693482
    }, 
    "Ar39": {
        "error": 0.06468502822697135, 
        "fit": "linear", 
        "value": 6.7988123664970068
    }, 
    "Ar40": {
        "error": 0.37522807969562066, 
        "fit": "linear", 
        "value": 1592.101085401549
    }, 
    "Ar41": {
        "error": 0.13070773522582163, 
        "fit": "average_SEM", 
        "value": 0.23037535254533092
    }
}