{
    "Ar36": {
        "error": 0.0013541190540051341, 
        "fit": "linear", 
        "value": 0.008848188356185397
    }, 
    "Ar37": {
        "error": 0.061116217050789984, 
        "fit": "linear", 
        "value": 0.19003956554719731
    }, 
    "Ar38": {
        "error": 0.34046123882016766, 
        "fit": "linear", 
        "value": 0.24603080726540016
    }, 
    "Ar39": {
        "error": 0.068465383077948375, 
        "fit": "linear", 
        "value": 8.9498419309716546
    }, 
    "Ar40": {
        "error": 0.48550726660010024, 
        "fit": "linear", 
        "value": 2106.6981593447117
    }, 
    "Ar41": {
        "error": 0.12622346722937605, 
        "fit": "average_SEM", 
        "value": 0.2501335472986102
    }
}