{
    "Ar36": {
        "error": 0.0021934056856102403, 
        "fit": "linear", 
        "value": 0.023821907011169676
    }, 
    "Ar37": {
        "error": 0.050496902759579312, 
        "fit": "linear", 
        "value": 0.17338949891293565
    }, 
    "Ar38": {
        "error": 0.31931296793275787, 
        "fit": "linear", 
        "value": 0.19319759234745937
    }, 
    "Ar39": {
        "error": 0.060836661080712319, 
        "fit": "linear", 
        "value": 6.6729144668038565
    }, 
    "Ar40": {
        "error": 0.39863862989372079, 
        "fit": "linear", 
        "value": 1561.3718961903967
    }, 
    "Ar41": {
        "error": 0.13856217416163463, 
        "fit": "average_SEM", 
        "value": 0.24137891079299151
    }
}