{
    "Ar36": {
        "error": 0.0017246922061270021, 
        "fit": "linear", 
        "value": 0.021152653896136506
    }, 
    "Ar37": {
        "error": 0.050109315157049236, 
        "fit": "linear", 
        "value": 0.18390682784009141
    }, 
    "Ar38": {
        "error": 0.33114947899559088, 
        "fit": "linear", 
        "value": 0.18851771507273668
    }, 
    "Ar39": {
        "error": 0.062911047855107233, 
        "fit": "linear", 
        "value": 6.7516306126065313
    }, 
    "Ar40": {
        "error": 0.31131157401724679, 
        "fit": "linear", 
        "value": 1585.895800961508
    }, 
    "Ar41": {
        "error": 0.1310633080686156, 
        "fit": "average_SEM", 
        "value": 0.22278693911309044
    }
}