{
    "Ar36": {
        "error": 0.0022775553696292453, 
        "fit": "linear", 
        "value": 0.027221352715371593
    }, 
    "Ar37": {
        "error": 0.048043011943213823, 
        "fit": "linear", 
        "value": 0.20157139051538864
    }, 
    "Ar38": {
        "error": 0.34453051546181801, 
        "fit": "linear", 
        "value": 0.20957202651152967
    }, 
    "Ar39": {
        "error": 0.064216568337552959, 
        "fit": "linear", 
        "value": 6.8598920141546804
    }, 
    "Ar40": {
        "error": 0.48027340485123121, 
        "fit": "linear", 
        "value": 1609.0813917908697
    }, 
    "Ar41": {
        "error": 0.12963903505402963, 
        "fit": "average_SEM", 
        "value": 0.24582442484175165
    }
}