{
    "Ar36": {
        "error": 0.0017679200311404709, 
        "fit": "linear", 
        "value": 0.02049192393293044
    }, 
    "Ar37": {
        "error": 0.054001126430157496, 
        "fit": "linear", 
        "value": 0.16931060764281369
    }, 
    "Ar38": {
        "error": 0.35247687384289195, 
        "fit": "linear", 
        "value": 0.17687480477033923
    }, 
    "Ar39": {
        "error": 0.066362322013743577, 
        "fit": "linear", 
        "value": 2.3706485410341145
    }, 
    "Ar40": {
        "error": 0.21360302838552289, 
        "fit": "linear", 
        "value": 527.79692312781981
    }, 
    "Ar41": {
        "error": 0.12406395277258886, 
        "fit": "average_SEM", 
        "value": 0.21602382790918151
    }
}