{
    "Ar36": {
        "error": 0.0016385332358118294, 
        "fit": "linear", 
        "value": 0.014248706368671822
    }, 
    "Ar37": {
        "error": 0.053142039769167218, 
        "fit": "linear", 
        "value": 0.20417212304527413
    }, 
    "Ar38": {
        "error": 0.34317724072790212, 
        "fit": "linear", 
        "value": 0.26506200756458631
    }, 
    "Ar39": {
        "error": 0.05785317940705715, 
        "fit": "linear", 
        "value": 9.1554927487621605
    }, 
    "Ar40": {
        "error": 0.43541545358799733, 
        "fit": "linear", 
        "value": 2164.5308918746068
    }, 
    "Ar41": {
        "error": 0.11552664782490142, 
        "fit": "average_SEM", 
        "value": 0.24256950420637927
    }
}