{
    "Ar36": {
        "error": 0.0018327451970756475, 
        "fit": "linear", 
        "value": 0.018908478006266431
    }, 
    "Ar37": {
        "error": 0.051175088614854695, 
        "fit": "linear", 
        "value": 0.20979457997484613
    }, 
    "Ar38": {
        "error": 0.33614201518508752, 
        "fit": "linear", 
        "value": 0.28984479584706757
    }, 
    "Ar39": {
        "error": 0.058529709048756366, 
        "fit": "linear", 
        "value": 9.7070954815720505
    }, 
    "Ar40": {
        "error": 0.55695601446291754, 
        "fit": "linear", 
        "value": 2291.7180053695747
    }, 
    "Ar41": {
        "error": 0.13388150314097277, 
        "fit": "average_SEM", 
        "value": 0.23153814673423767
    }
}