{
    "Ar36": {
        "error": 0.0010359304835880119, 
        "fit": "linear", 
        "value": 0.004696504276119738
    }, 
    "Ar37": {
        "error": 0.06433254001217803, 
        "fit": "linear", 
        "value": 0.16990597821513856
    }, 
    "Ar38": {
        "error": 0.34963867891528555, 
        "fit": "linear", 
        "value": 0.18371591380201502
    }, 
    "Ar39": {
        "error": 0.059957066308898195, 
        "fit": "linear", 
        "value": 4.7621146076191199
    }, 
    "Ar40": {
        "error": 0.2980939378728914, 
        "fit": "linear", 
        "value": 1102.7127101256037
    }, 
    "Ar41": {
        "error": 0.12376647191368631, 
        "fit": "average_SEM", 
        "value": 0.2227097580038632
    }
}