{
    "Ar36": {
        "error": 0.0013438268575137094, 
        "fit": "linear", 
        "value": 0.0074468417394105181
    }, 
    "Ar37": {
        "error": 0.051259391143506132, 
        "fit": "linear", 
        "value": 0.19245555509608664
    }, 
    "Ar38": {
        "error": 0.34515612015750041, 
        "fit": "linear", 
        "value": 0.18512660399236519
    }, 
    "Ar39": {
        "error": 0.061262530562231216, 
        "fit": "linear", 
        "value": 4.8936457956542379
    }, 
    "Ar40": {
        "error": 0.31936567639530161, 
        "fit": "linear", 
        "value": 1137.1171353555956
    }, 
    "Ar41": {
        "error": 0.13278373090654999, 
        "fit": "average_SEM", 
        "value": 0.22487559469416737
    }
}