{
    "Ar36": {
        "error": 0.0011188538340571792, 
        "fit": "linear", 
        "value": 0.0051111906846430591
    }, 
    "Ar37": {
        "error": 0.052733533451230517, 
        "fit": "linear", 
        "value": 0.15766190043409073
    }, 
    "Ar38": {
        "error": 0.35187922324211385, 
        "fit": "linear", 
        "value": 0.15098730709217506
    }, 
    "Ar39": {
        "error": 0.05964086674212208, 
        "fit": "linear", 
        "value": 4.3616477480247529
    }, 
    "Ar40": {
        "error": 0.30168016911834333, 
        "fit": "linear", 
        "value": 1002.5256717332592
    }, 
    "Ar41": {
        "error": 0.12643422868088053, 
        "fit": "average_SEM", 
        "value": 0.21058057797607035
    }
}