{
    "Ar36": {
        "error": 0.0017745312993927491, 
        "fit": "linear", 
        "value": 0.01457723718728883
    }, 
    "Ar37": {
        "error": 0.053316973937895119, 
        "fit": "linear", 
        "value": 0.20300060948972931
    }, 
    "Ar38": {
        "error": 0.31996840855393588, 
        "fit": "linear", 
        "value": 0.27264166093592757
    }, 
    "Ar39": {
        "error": 0.063180248603099065, 
        "fit": "linear", 
        "value": 7.7874606671759041
    }, 
    "Ar40": {
        "error": 0.49110287404807668, 
        "fit": "linear", 
        "value": 1837.6428401954304
    }, 
    "Ar41": {
        "error": 0.11831938075127076, 
        "fit": "average_SEM", 
        "value": 0.24197836623837551
    }
}