{
    "Ar36": {
        "error": 0.0014922543185120392, 
        "fit": "linear", 
        "value": 0.011308370743316056
    }, 
    "Ar37": {
        "error": 0.048293646058689597, 
        "fit": "linear", 
        "value": 0.19038232229528501
    }, 
    "Ar38": {
        "error": 0.33657033498088518, 
        "fit": "linear", 
        "value": 0.16850269364104925
    }, 
    "Ar39": {
        "error": 0.064977257206037559, 
        "fit": "linear", 
        "value": 6.5353090204185786
    }, 
    "Ar40": {
        "error": 0.36767949666855243, 
        "fit": "linear", 
        "value": 1537.8184975904828
    }, 
    "Ar41": {
        "error": 0.10874869243235717, 
        "fit": "average_SEM", 
        "value": 0.20574083559835951
    }
}