{
    "Ar36": {
        "error": 0.0014457452776559189, 
        "fit": "linear", 
        "value": 0.0087558178572699485
    }, 
    "Ar37": {
        "error": 0.050486269469561737, 
        "fit": "linear", 
        "value": 0.19848767688714725
    }, 
    "Ar38": {
        "error": 0.32285521142428597, 
        "fit": "linear", 
        "value": 0.2561604326034807
    }, 
    "Ar39": {
        "error": 0.063413917660402774, 
        "fit": "linear", 
        "value": 9.7885521195797836
    }, 
    "Ar40": {
        "error": 0.43949959395777949, 
        "fit": "linear", 
        "value": 2315.8663300416929
    }, 
    "Ar41": {
        "error": 0.12692212510197237, 
        "fit": "average_SEM", 
        "value": 0.22370712091370176
    }
}