{
    "Ar36": {
        "error": 0.00123531309349251, 
        "fit": "linear", 
        "value": 0.0064926623267367121
    }, 
    "Ar37": {
        "error": 0.055470424812707635, 
        "fit": "linear", 
        "value": 0.18063974780177594
    }, 
    "Ar38": {
        "error": 0.30589807656198592, 
        "fit": "linear", 
        "value": 0.097950855307046947
    }, 
    "Ar39": {
        "error": 0.056704587973667633, 
        "fit": "linear", 
        "value": 4.4502098874158573
    }, 
    "Ar40": {
        "error": 0.32153312653887628, 
        "fit": "linear", 
        "value": 1028.6101599240189
    }, 
    "Ar41": {
        "error": 0.13946784101782556, 
        "fit": "average_SEM", 
        "value": 0.18921011875208932
    }
}