{
    "Ar36": {
        "error": 0.0013895737209969799, 
        "fit": "linear", 
        "value": 0.0094074654704064849
    }, 
    "Ar37": {
        "error": 0.053620064120462489, 
        "fit": "linear", 
        "value": 0.20284443081717524
    }, 
    "Ar38": {
        "error": 0.32993826667765824, 
        "fit": "linear", 
        "value": 0.13140376280178717
    }, 
    "Ar39": {
        "error": 0.058257358526308728, 
        "fit": "linear", 
        "value": 8.7843132222178593
    }, 
    "Ar40": {
        "error": 0.46525879019098598, 
        "fit": "linear", 
        "value": 2078.8070182032407
    }, 
    "Ar41": {
        "error": 0.12528821958084491, 
        "fit": "average_SEM", 
        "value": 0.1725030737494429
    }
}