{
    "Ar36": {
        "error": 0.001493014299596439, 
        "fit": "linear", 
        "value": 0.0094749623183677228
    }, 
    "Ar37": {
        "error": 0.050470103222972809, 
        "fit": "linear", 
        "value": 0.21249863659129103
    }, 
    "Ar38": {
        "error": 0.33962367014238942, 
        "fit": "linear", 
        "value": 0.12593627653157602
    }, 
    "Ar39": {
        "error": 0.068781390658063282, 
        "fit": "linear", 
        "value": 9.9159988256889875
    }, 
    "Ar40": {
        "error": 0.47092548727730094, 
        "fit": "linear", 
        "value": 2352.0259789093489
    }, 
    "Ar41": {
        "error": 0.12807315677965742, 
        "fit": "average_SEM", 
        "value": 0.18842198225203902
    }
}