{
    "Ar36": {
        "error": 0.0013496834443108923, 
        "fit": "linear", 
        "value": 0.0063831379966174176
    }, 
    "Ar37": {
        "error": 0.056308548651388173, 
        "fit": "linear", 
        "value": 0.17971110316083783
    }, 
    "Ar38": {
        "error": 0.32694862826944876, 
        "fit": "linear", 
        "value": 0.099459944820749963
    }, 
    "Ar39": {
        "error": 0.05581303659260025, 
        "fit": "linear", 
        "value": 5.093546868096178
    }, 
    "Ar40": {
        "error": 0.346845760694239, 
        "fit": "linear", 
        "value": 1190.1174766139311
    }, 
    "Ar41": {
        "error": 0.13288367932142992, 
        "fit": "average_SEM", 
        "value": 0.1513948597384539
    }
}