{
    "Ar36": {
        "error": 0.0014181182043124657, 
        "fit": "linear", 
        "value": 0.010975057675843232
    }, 
    "Ar37": {
        "error": 0.052727197527336678, 
        "fit": "linear", 
        "value": 0.18416471919564309
    }, 
    "Ar38": {
        "error": 0.33637045698932622, 
        "fit": "linear", 
        "value": 0.08738649983019281
    }, 
    "Ar39": {
        "error": 0.062212516739435599, 
        "fit": "linear", 
        "value": 5.1654192746819891
    }, 
    "Ar40": {
        "error": 0.34222213341397228, 
        "fit": "linear", 
        "value": 1205.7308806871836
    }, 
    "Ar41": {
        "error": 0.12495397707418002, 
        "fit": "average_SEM", 
        "value": 0.16658185104296233
    }
}