{
    "Ar36": {
        "error": 0.0017842974997105676, 
        "fit": "linear", 
        "value": 0.01788345202280188
    }, 
    "Ar37": {
        "error": 0.054579157703673969, 
        "fit": "linear", 
        "value": 0.22391397501651358
    }, 
    "Ar38": {
        "error": 0.32746340220082332, 
        "fit": "linear", 
        "value": 0.15308024730616093
    }, 
    "Ar39": {
        "error": 0.070819567342212383, 
        "fit": "linear", 
        "value": 10.658166298870768
    }, 
    "Ar40": {
        "error": 0.52491172430019195, 
        "fit": "linear", 
        "value": 2534.192158038642
    }, 
    "Ar41": {
        "error": 0.13487667946054716, 
        "fit": "average_SEM", 
        "value": 0.19715817344686609
    }
}