{
    "Ar36": {
        "error": 0.001637363173652589, 
        "fit": "linear", 
        "value": 0.012282987747399731
    }, 
    "Ar37": {
        "error": 0.05449318614520339, 
        "fit": "linear", 
        "value": 0.21880782471393306
    }, 
    "Ar38": {
        "error": 0.31980689950587082, 
        "fit": "linear", 
        "value": 0.11249978911248337
    }, 
    "Ar39": {
        "error": 0.065353656557570486, 
        "fit": "linear", 
        "value": 8.1445167204994249
    }, 
    "Ar40": {
        "error": 0.38394625025032897, 
        "fit": "linear", 
        "value": 1920.066778276358
    }, 
    "Ar41": {
        "error": 0.12637651334513633, 
        "fit": "average_SEM", 
        "value": -0.040261318753073282
    }
}