{
    "Ar36": {
        "error": 0.0015098677474941775, 
        "fit": "linear", 
        "value": 0.011721980109635899
    }, 
    "Ar37": {
        "error": 0.053442958443154144, 
        "fit": "linear", 
        "value": 0.20246494014359179
    }, 
    "Ar38": {
        "error": 0.3373908693362172, 
        "fit": "linear", 
        "value": 0.16245518724527033
    }, 
    "Ar39": {
        "error": 0.058974030747804183, 
        "fit": "linear", 
        "value": 10.64957887086398
    }, 
    "Ar40": {
        "error": 0.59054013926207227, 
        "fit": "linear", 
        "value": 2521.721420887382
    }, 
    "Ar41": {
        "error": 0.12756454821528482, 
        "fit": "average_SEM", 
        "value": -0.031863256553381993
    }
}