{
    "Ar36": {
        "error": 0.0011343830250498993, 
        "fit": "linear", 
        "value": 0.004491329022542909
    }, 
    "Ar37": {
        "error": 0.049516127949321156, 
        "fit": "linear", 
        "value": 0.20203259803695167
    }, 
    "Ar38": {
        "error": 0.3595880116119618, 
        "fit": "linear", 
        "value": 0.098890140852195663
    }, 
    "Ar39": {
        "error": 0.05762653829652116, 
        "fit": "linear", 
        "value": 8.0974660259501459
    }, 
    "Ar40": {
        "error": 0.48469347377015842, 
        "fit": "linear", 
        "value": 1901.7835187550359
    }, 
    "Ar41": {
        "error": 0.12180096280534158, 
        "fit": "average_SEM", 
        "value": -0.051158272998485091
    }
}