{
    "Ar36": {
        "error": 0.0010828138348078814, 
        "fit": "linear", 
        "value": 0.0052834886248753887
    }, 
    "Ar37": {
        "error": 0.04992968457005896, 
        "fit": "linear", 
        "value": 0.18107972584836574
    }, 
    "Ar38": {
        "error": 0.31739525805379748, 
        "fit": "linear", 
        "value": 0.093295135783940164
    }, 
    "Ar39": {
        "error": 0.064108251069472155, 
        "fit": "linear", 
        "value": 4.0863207178679986
    }, 
    "Ar40": {
        "error": 0.27110540253869669, 
        "fit": "linear", 
        "value": 939.58251826173159
    }, 
    "Ar41": {
        "error": 0.13936013026931615, 
        "fit": "average_SEM", 
        "value": -0.061404465730496065
    }
}