{
    "Ar36": {
        "error": 0.0018919808632120378, 
        "fit": "linear", 
        "value": 0.014976022359490301
    }, 
    "Ar37": {
        "error": 0.049690318489191546, 
        "fit": "linear", 
        "value": 0.21769588231749318
    }, 
    "Ar38": {
        "error": 0.32497008581233455, 
        "fit": "linear", 
        "value": 0.25811840829408333
    }, 
    "Ar39": {
        "error": 0.069222574464718731, 
        "fit": "linear", 
        "value": 12.351828980976171
    }, 
    "Ar40": {
        "error": 0.6207489246068485, 
        "fit": "linear", 
        "value": 2929.8767824431152
    }, 
    "Ar41": {
        "error": 0.1294669095676283, 
        "fit": "average_SEM", 
        "value": -0.028225233617704362
    }
}