{
    "Ar36": {
        "error": 0.0059482297609506395, 
        "fit": "linear", 
        "value": 0.23937122848750664
    }, 
    "Ar37": {
        "error": 0.052620576716443969, 
        "fit": "linear", 
        "value": 0.20524252913486818
    }, 
    "Ar38": {
        "error": 0.35192169478548557, 
        "fit": "linear", 
        "value": 0.058582869148402425
    }, 
    "Ar39": {
        "error": 0.063405157685604063, 
        "fit": "linear", 
        "value": 5.3334356199406425
    }, 
    "Ar40": {
        "error": 0.37885614309214227, 
        "fit": "linear", 
        "value": 1308.4544684264897
    }, 
    "Ar41": {
        "error": 0.12362874479781932, 
        "fit": "average_SEM", 
        "value": -0.087559388494895155
    }
}