{
    "Ar36": {
        "error": 0.0015871495838033988, 
        "fit": "linear", 
        "value": 0.012558082637318904
    }, 
    "Ar37": {
        "error": 0.05437869148614876, 
        "fit": "linear", 
        "value": 0.21177250933521152
    }, 
    "Ar38": {
        "error": 0.33000486908056365, 
        "fit": "linear", 
        "value": 0.095286273027005569
    }, 
    "Ar39": {
        "error": 0.059010170483638526, 
        "fit": "linear", 
        "value": 5.9563458933924558
    }, 
    "Ar40": {
        "error": 0.39866617559575163, 
        "fit": "linear", 
        "value": 1385.978761088415
    }, 
    "Ar41": {
        "error": 0.12902898328058435, 
        "fit": "average_SEM", 
        "value": -0.069276270394911993
    }
}