{
    "Ar36": {
        "error": 0.0012536469968219429, 
        "fit": "linear", 
        "value": 0.0061742065302090379
    }, 
    "Ar37": {
        "error": 0.050564414669002897, 
        "fit": "linear", 
        "value": 0.20547409165176173
    }, 
    "Ar38": {
        "error": 0.34984969963639317, 
        "fit": "linear", 
        "value": 0.13193048335032639
    }, 
    "Ar39": {
        "error": 0.065191752902975658, 
        "fit": "linear", 
        "value": 11.279731305275632
    }, 
    "Ar40": {
        "error": 0.63594792337936668, 
        "fit": "linear", 
        "value": 2662.3468464465514
    }, 
    "Ar41": {
        "error": 0.12145699226860988, 
        "fit": "average_SEM", 
        "value": -0.014419542204886966
    }
}