{
    "Ar36": {
        "error": 0.0011136691811668071, 
        "fit": "linear", 
        "value": 0.0062764570416204138
    }, 
    "Ar37": {
        "error": 0.052837704858340238, 
        "fit": "linear", 
        "value": 0.19875783946338293
    }, 
    "Ar38": {
        "error": 0.35021303995991171, 
        "fit": "linear", 
        "value": 0.097222717676073794
    }, 
    "Ar39": {
        "error": 0.0643550592280768, 
        "fit": "linear", 
        "value": 6.1652966004931269
    }, 
    "Ar40": {
        "error": 0.3139796119838989, 
        "fit": "linear", 
        "value": 1433.6340069836497
    }, 
    "Ar41": {
        "error": 0.13506477225625629, 
        "fit": "average_SEM", 
        "value": -0.065693440954188803
    }
}