{
    "Ar36": {
        "error": 0.0013003063758474677, 
        "fit": "linear", 
        "value": 0.0071778843612414489
    }, 
    "Ar37": {
        "error": 0.048334146869367253, 
        "fit": "linear", 
        "value": 0.19588521374052792
    }, 
    "Ar38": {
        "error": 0.33438922543874677, 
        "fit": "linear", 
        "value": 0.13070880382251859
    }, 
    "Ar39": {
        "error": 0.062453635318454818, 
        "fit": "linear", 
        "value": 7.3546399660554131
    }, 
    "Ar40": {
        "error": 0.37971946464562412, 
        "fit": "linear", 
        "value": 1720.9952859135863
    }, 
    "Ar41": {
        "error": 0.13402193920781355, 
        "fit": "average_SEM", 
        "value": -0.062750861606327812
    }
}