{
    "Ar36": {
        "error": 0.0014648471244049649, 
        "fit": "linear", 
        "value": 0.0075603385905042156
    }, 
    "Ar37": {
        "error": 0.054763713934068647, 
        "fit": "linear", 
        "value": 0.1945913404032813
    }, 
    "Ar38": {
        "error": 0.34149571817823327, 
        "fit": "linear", 
        "value": 0.053065865868827541
    }, 
    "Ar39": {
        "error": 0.065113765105519555, 
        "fit": "linear", 
        "value": 7.0706447700157291
    }, 
    "Ar40": {
        "error": 0.3653776726219552, 
        "fit": "linear", 
        "value": 1654.515980778036
    }, 
    "Ar41": {
        "error": 0.13821426460016917, 
        "fit": "average_SEM", 
        "value": -0.041698329174347841
    }
}