{
    "Ar36": {
        "error": 0.001479862893081212, 
        "fit": "linear", 
        "value": 0.0094349349263533801
    }, 
    "Ar37": {
        "error": 0.049299282781279583, 
        "fit": "linear", 
        "value": 0.23437637784937132
    }, 
    "Ar38": {
        "error": 0.3222024841671926, 
        "fit": "linear", 
        "value": 0.15223932984270311
    }, 
    "Ar39": {
        "error": 0.058672743144974726, 
        "fit": "linear", 
        "value": 10.328655378490405
    }, 
    "Ar40": {
        "error": 0.46574437894442605, 
        "fit": "linear", 
        "value": 2446.9767608264706
    }, 
    "Ar41": {
        "error": 0.12853597555424426, 
        "fit": "average_SEM", 
        "value": 0.0094828306976705787
    }
}