{
    "Ar36": {
        "error": 0.001338226534870045, 
        "fit": "linear", 
        "value": 0.0067493865026535555
    }, 
    "Ar37": {
        "error": 0.051403558348056884, 
        "fit": "linear", 
        "value": 0.21150345301316292
    }, 
    "Ar38": {
        "error": 0.3404794076528368, 
        "fit": "linear", 
        "value": 0.26269192574259997
    }, 
    "Ar39": {
        "error": 0.063583586062045477, 
        "fit": "linear", 
        "value": 11.035849652577074
    }, 
    "Ar40": {
        "error": 0.61899040325108579, 
        "fit": "linear", 
        "value": 2608.8152204045564
    }, 
    "Ar41": {
        "error": 0.13582280570029068, 
        "fit": "average_SEM", 
        "value": 0.066051557275156186
    }
}