{
    "Ar36": {
        "error": 0.002098133380555982, 
        "fit": "linear", 
        "value": 0.021006449766048044
    }, 
    "Ar37": {
        "error": 0.052389760094988601, 
        "fit": "linear", 
        "value": 0.16920641435687256
    }, 
    "Ar38": {
        "error": 0.34714470860164209, 
        "fit": "linear", 
        "value": 0.27308798841130211
    }, 
    "Ar39": {
        "error": 0.054057062183934204, 
        "fit": "linear", 
        "value": 0.86253432437344468
    }, 
    "Ar40": {
        "error": 0.062029606483280014, 
        "fit": "linear", 
        "value": 31.735261953151365
    }, 
    "Ar41": {
        "error": 0.12671169089810544, 
        "fit": "average_SEM", 
        "value": 0.21128716210912293
    }
}