{
    "Ar36": {
        "error": 0.0014066183297883528, 
        "fit": "linear", 
        "value": 0.0092547755871323807
    }, 
    "Ar37": {
        "error": 0.051009209760669104, 
        "fit": "linear", 
        "value": 0.21762545267102087
    }, 
    "Ar38": {
        "error": 0.35682382155535131, 
        "fit": "linear", 
        "value": 0.23199156613412553
    }, 
    "Ar39": {
        "error": 0.065478248600145519, 
        "fit": "linear", 
        "value": 10.075325782709278
    }, 
    "Ar40": {
        "error": 0.59110512758388789, 
        "fit": "linear", 
        "value": 2382.0779384778862
    }, 
    "Ar41": {
        "error": 0.13635495186728264, 
        "fit": "average_SEM", 
        "value": 0.018456818071717861
    }
}