{
    "Ar36": {
        "error": 0.0016774811804886507, 
        "fit": "linear", 
        "value": 0.013514737924540669
    }, 
    "Ar37": {
        "error": 0.050383594025816852, 
        "fit": "linear", 
        "value": 0.20503000402878141
    }, 
    "Ar38": {
        "error": 0.32539204310486064, 
        "fit": "linear", 
        "value": 0.18293737667100762
    }, 
    "Ar39": {
        "error": 0.065767520700444726, 
        "fit": "linear", 
        "value": 8.982602860005322
    }, 
    "Ar40": {
        "error": 0.47407028729988326, 
        "fit": "linear", 
        "value": 2113.1598355686269
    }, 
    "Ar41": {
        "error": 0.13856358901964866, 
        "fit": "average_SEM", 
        "value": 0.047482707271507628
    }
}