{
    "Ar36": {
        "error": 0.0024878452267949737, 
        "fit": "linear", 
        "value": 0.03217937916769982
    }, 
    "Ar37": {
        "error": 0.056795503835469191, 
        "fit": "linear", 
        "value": 0.2062305727807584
    }, 
    "Ar38": {
        "error": 0.33909704487094705, 
        "fit": "linear", 
        "value": 0.26458810416570933
    }, 
    "Ar39": {
        "error": 0.060350426803609344, 
        "fit": "linear", 
        "value": 10.408233431748254
    }, 
    "Ar40": {
        "error": 0.57166675277742807, 
        "fit": "linear", 
        "value": 2460.6720927869696
    }, 
    "Ar41": {
        "error": 0.12066280856533596, 
        "fit": "average_SEM", 
        "value": 0.036742211128585042
    }
}