{
    "Ar36": {
        "error": 0.0015596465143614855, 
        "fit": "linear", 
        "value": 0.012588955770458789
    }, 
    "Ar37": {
        "error": 0.052033056884429746, 
        "fit": "linear", 
        "value": 0.19447536939841009
    }, 
    "Ar38": {
        "error": 0.36438749863348424, 
        "fit": "linear", 
        "value": 0.17992504367669551
    }, 
    "Ar39": {
        "error": 0.061940912886161936, 
        "fit": "linear", 
        "value": 6.1421413162741541
    }, 
    "Ar40": {
        "error": 0.31781769264211657, 
        "fit": "linear", 
        "value": 1425.0377377944835
    }, 
    "Ar41": {
        "error": 0.12607219924640389, 
        "fit": "average_SEM", 
        "value": 0.029126251270451271
    }
}