{
    "Ar36": {
        "error": 0.0015060415702252093, 
        "fit": "linear", 
        "value": 0.0076465928543204631
    }, 
    "Ar37": {
        "error": 0.053248294992402474, 
        "fit": "linear", 
        "value": 0.17298335117407784
    }, 
    "Ar38": {
        "error": 0.36039438236148441, 
        "fit": "linear", 
        "value": 0.21333202935730813
    }, 
    "Ar39": {
        "error": 0.06131307654371719, 
        "fit": "linear", 
        "value": 6.3891384029860854
    }, 
    "Ar40": {
        "error": 0.37644677894518591, 
        "fit": "linear", 
        "value": 1490.4337010926356
    }, 
    "Ar41": {
        "error": 0.13550558894189871, 
        "fit": "average_SEM", 
        "value": 0.032465283053121914
    }
}