{
    "Ar36": {
        "error": 0.0016982052002366755, 
        "fit": "linear", 
        "value": 0.012188850651505736
    }, 
    "Ar37": {
        "error": 0.057637325857821199, 
        "fit": "linear", 
        "value": 0.19070623672327019
    }, 
    "Ar38": {
        "error": 0.31764547014322547, 
        "fit": "linear", 
        "value": 0.12497486072354758
    }, 
    "Ar39": {
        "error": 0.066288925428772627, 
        "fit": "linear", 
        "value": 7.1832162899677465
    }, 
    "Ar40": {
        "error": 0.39379452236584678, 
        "fit": "linear", 
        "value": 1698.1981003255023
    }, 
    "Ar41": {
        "error": 0.13586720812726777, 
        "fit": "average_SEM", 
        "value": 0.013261210871326815
    }
}