{
    "Ar36": {
        "error": 0.002115900670413931, 
        "fit": "linear", 
        "value": 0.024271444215546549
    }, 
    "Ar37": {
        "error": 0.051069342786516946, 
        "fit": "linear", 
        "value": 0.23520050109319798
    }, 
    "Ar38": {
        "error": 0.30035580456623273, 
        "fit": "linear", 
        "value": 0.32649708149532469
    }, 
    "Ar39": {
        "error": 0.069540041915089043, 
        "fit": "linear", 
        "value": 15.867234578739811
    }, 
    "Ar40": {
        "error": 0.74727015377051076, 
        "fit": "linear", 
        "value": 3784.05192335425
    }, 
    "Ar41": {
        "error": 0.12068056219425631, 
        "fit": "average_SEM", 
        "value": 0.068767100800032496
    }
}