{
    "Ar36": {
        "error": 0.0017247381463371236, 
        "fit": "linear", 
        "value": 0.020211781082452949
    }, 
    "Ar37": {
        "error": 0.053275259468596826, 
        "fit": "linear", 
        "value": 0.18957051147351045
    }, 
    "Ar38": {
        "error": 0.31010559564026402, 
        "fit": "linear", 
        "value": 0.22982494853993568
    }, 
    "Ar39": {
        "error": 0.06176784191290241, 
        "fit": "linear", 
        "value": 8.5866956630657434
    }, 
    "Ar40": {
        "error": 0.40907958172495446, 
        "fit": "linear", 
        "value": 2038.440347679571
    }, 
    "Ar41": {
        "error": 0.14219936428871205, 
        "fit": "average_SEM", 
        "value": 0.039412317455280572
    }
}