{
    "Ar36": {
        "error": 0.0018507451912152958, 
        "fit": "linear", 
        "value": 0.017045516231920847
    }, 
    "Ar37": {
        "error": 0.056626843313918408, 
        "fit": "linear", 
        "value": 0.16645973513598092
    }, 
    "Ar38": {
        "error": 0.31363353357333895, 
        "fit": "linear", 
        "value": 0.1286544752438849
    }, 
    "Ar39": {
        "error": 0.062873088567317909, 
        "fit": "linear", 
        "value": 4.8007387038223204
    }, 
    "Ar40": {
        "error": 0.30183911818784553, 
        "fit": "linear", 
        "value": 1129.7910983891195
    }, 
    "Ar41": {
        "error": 0.1376172868727214, 
        "fit": "average_SEM", 
        "value": 0.017972343236712429
    }
}