{
    "Ar36": {
        "error": 0.0016621237733663104, 
        "fit": "linear", 
        "value": 0.013145672481879218
    }, 
    "Ar37": {
        "error": 0.058442808109154205, 
        "fit": "linear", 
        "value": 0.20295585628671686
    }, 
    "Ar38": {
        "error": 0.31821659289120935, 
        "fit": "linear", 
        "value": 0.2188142052912791
    }, 
    "Ar39": {
        "error": 0.06623104279814955, 
        "fit": "linear", 
        "value": 8.216980221153495
    }, 
    "Ar40": {
        "error": 0.46984466295852778, 
        "fit": "linear", 
        "value": 1945.2787079567038
    }, 
    "Ar41": {
        "error": 0.13030905368435233, 
        "fit": "average_SEM", 
        "value": 0.015974802291020752
    }
}