{
    "Ar36": {
        "error": 0.0020052610247344961, 
        "fit": "linear", 
        "value": 0.025054313407721941
    }, 
    "Ar37": {
        "error": 0.05855925035244771, 
        "fit": "linear", 
        "value": 0.16791173036229132
    }, 
    "Ar38": {
        "error": 0.32162025471480626, 
        "fit": "linear", 
        "value": 0.068977282487196284
    }, 
    "Ar39": {
        "error": 0.058831080287103876, 
        "fit": "linear", 
        "value": 1.648669773458443
    }, 
    "Ar40": {
        "error": 0.1558390348485823, 
        "fit": "linear", 
        "value": 364.82880736614442
    }, 
    "Ar41": {
        "error": 0.13419331378030125, 
        "fit": "average_SEM", 
        "value": -0.031978181696031241
    }
}