{
    "Ar36": {
        "error": 0.0015296521947564081, 
        "fit": "linear", 
        "value": 0.011512234689919418
    }, 
    "Ar37": {
        "error": 0.054787093405803761, 
        "fit": "linear", 
        "value": 0.192090914080634
    }, 
    "Ar38": {
        "error": 0.2947849844915188, 
        "fit": "linear", 
        "value": 0.1212407476978076
    }, 
    "Ar39": {
        "error": 0.067528260303430329, 
        "fit": "linear", 
        "value": 6.9610311620934651
    }, 
    "Ar40": {
        "error": 0.40538131667107535, 
        "fit": "linear", 
        "value": 1648.168947835301
    }, 
    "Ar41": {
        "error": 0.1227358623789099, 
        "fit": "average_SEM", 
        "value": 0.016919493178526559
    }
}