{
    "Ar36": {
        "error": 0.0016438491883230858, 
        "fit": "linear", 
        "value": 0.010697389589479193
    }, 
    "Ar37": {
        "error": 0.050706770140022034, 
        "fit": "linear", 
        "value": 0.18864737557525141
    }, 
    "Ar38": {
        "error": 0.32137567231995995, 
        "fit": "linear", 
        "value": 0.13864926824574478
    }, 
    "Ar39": {
        "error": 0.062038713576408284, 
        "fit": "linear", 
        "value": 6.2690119594621514
    }, 
    "Ar40": {
        "error": 0.39999867385000704, 
        "fit": "linear", 
        "value": 1481.5469455171792
    }, 
    "Ar41": {
        "error": 0.12593165727821962, 
        "fit": "average_SEM", 
        "value": -0.023700187645542124
    }
}