{
    "Ar36": {
        "error": 0.0020592690429144041, 
        "fit": "linear", 
        "value": 0.016374115970467271
    }, 
    "Ar37": {
        "error": 0.056146147578701143, 
        "fit": "linear", 
        "value": 0.17877957080512574
    }, 
    "Ar38": {
        "error": 0.34442732791121489, 
        "fit": "linear", 
        "value": 0.088703510338077579
    }, 
    "Ar39": {
        "error": 0.066160640698349787, 
        "fit": "linear", 
        "value": 5.3055610680899381
    }, 
    "Ar40": {
        "error": 0.35212489339923919, 
        "fit": "linear", 
        "value": 1251.4033236012892
    }, 
    "Ar41": {
        "error": 0.13717545170110779, 
        "fit": "average_SEM", 
        "value": -0.031378072855295612
    }
}