{
    "Ar36": {
        "error": 0.0019807030371601165, 
        "fit": "linear", 
        "value": 0.023957034128561702
    }, 
    "Ar37": {
        "error": 0.055024942792922499, 
        "fit": "linear", 
        "value": 0.18218587734916958
    }, 
    "Ar38": {
        "error": 0.34646973944274995, 
        "fit": "linear", 
        "value": 0.17432871264347627
    }, 
    "Ar39": {
        "error": 0.059862012947148401, 
        "fit": "linear", 
        "value": 6.6600757931008827
    }, 
    "Ar40": {
        "error": 0.39726574638330941, 
        "fit": "linear", 
        "value": 1578.9075529824522
    }, 
    "Ar41": {
        "error": 0.12484908988314471, 
        "fit": "average_SEM", 
        "value": -0.013286764132790268
    }
}