{
    "Ar36": {
        "error": 0.0022282303455702025, 
        "fit": "linear", 
        "value": 0.021297983715892602
    }, 
    "Ar37": {
        "error": 0.05026481871767282, 
        "fit": "linear", 
        "value": 0.22858456125191906
    }, 
    "Ar38": {
        "error": 0.34306358643614299, 
        "fit": "linear", 
        "value": 0.15829520401214528
    }, 
    "Ar39": {
        "error": 0.078648389057132673, 
        "fit": "linear", 
        "value": 14.843553883478616
    }, 
    "Ar40": {
        "error": 0.66174523004763142, 
        "fit": "linear", 
        "value": 3557.4731516029697
    }, 
    "Ar41": {
        "error": 0.12228480926815631, 
        "fit": "average_SEM", 
        "value": 0.04598306756777068
    }
}