{
    "Ar36": {
        "error": 0.0020454205593364457, 
        "fit": "linear", 
        "value": 0.015410356472364255
    }, 
    "Ar37": {
        "error": 0.053758138463424664, 
        "fit": "linear", 
        "value": 0.22371291564411314
    }, 
    "Ar38": {
        "error": 0.33198576125033236, 
        "fit": "linear", 
        "value": 0.118275506309273
    }, 
    "Ar39": {
        "error": 0.070654843182413871, 
        "fit": "linear", 
        "value": 9.6016301208998627
    }, 
    "Ar40": {
        "error": 0.50495641919253631, 
        "fit": "linear", 
        "value": 2280.0529653420272
    }, 
    "Ar41": {
        "error": 0.13973231926443516, 
        "fit": "average_SEM", 
        "value": -0.0081883935870913169
    }
}