{
    "Ar36": {
        "error": 0.0012082607715566307, 
        "fit": "linear", 
        "value": 0.005481068619114308
    }, 
    "Ar37": {
        "error": 0.058865013012736167, 
        "fit": "linear", 
        "value": 0.20452008989916026
    }, 
    "Ar38": {
        "error": 0.32125498725957347, 
        "fit": "linear", 
        "value": 0.098368212160754032
    }, 
    "Ar39": {
        "error": 0.066756681777626767, 
        "fit": "linear", 
        "value": 8.0623761395347451
    }, 
    "Ar40": {
        "error": 0.45563526173997176, 
        "fit": "linear", 
        "value": 1910.7295959491562
    }, 
    "Ar41": {
        "error": 0.13136595489427483, 
        "fit": "average_SEM", 
        "value": -0.02500172295684024
    }
}