{
    "Ar36": {
        "error": 0.0013416777383744194, 
        "fit": "linear", 
        "value": 0.0075228930971676742
    }, 
    "Ar37": {
        "error": 0.04916410241107657, 
        "fit": "linear", 
        "value": 0.16003008067485969
    }, 
    "Ar38": {
        "error": 0.32139917117243688, 
        "fit": "linear", 
        "value": 0.039695297428712306
    }, 
    "Ar39": {
        "error": 0.051837417247899545, 
        "fit": "linear", 
        "value": 0.61074970128437289
    }, 
    "Ar40": {
        "error": 0.094535494167510753, 
        "fit": "linear", 
        "value": 104.11268161019369
    }, 
    "Ar41": {
        "error": 0.13089190971737577, 
        "fit": "average_SEM", 
        "value": -0.055566647804031769
    }
}