{
    "Ar36": {
        "error": 0.0021787385041502341, 
        "fit": "linear", 
        "value": 0.028084499323140277
    }, 
    "Ar37": {
        "error": 0.058893727694242483, 
        "fit": "linear", 
        "value": 0.24258480517821729
    }, 
    "Ar38": {
        "error": 0.31248273029438622, 
        "fit": "linear", 
        "value": 0.13094832987902258
    }, 
    "Ar39": {
        "error": 0.065098550909207561, 
        "fit": "linear", 
        "value": 15.015334934640052
    }, 
    "Ar40": {
        "error": 0.7368984992744031, 
        "fit": "linear", 
        "value": 3593.2769842057387
    }, 
    "Ar41": {
        "error": 0.13897474189869782, 
        "fit": "average_SEM", 
        "value": 0.012293113355990499
    }
}