{
    "Ar36": {
        "error": 0.0014257320526320728, 
        "fit": "linear", 
        "value": 0.0078081579381755872
    }, 
    "Ar37": {
        "error": 0.056536423912737846, 
        "fit": "linear", 
        "value": 0.18957071089892616
    }, 
    "Ar38": {
        "error": 0.32728015534536864, 
        "fit": "linear", 
        "value": 0.14381194612478043
    }, 
    "Ar39": {
        "error": 0.062421915361702343, 
        "fit": "linear", 
        "value": 7.17972011495225
    }, 
    "Ar40": {
        "error": 0.38921820399290996, 
        "fit": "linear", 
        "value": 1699.3165113999216
    }, 
    "Ar41": {
        "error": 0.12602495524463592, 
        "fit": "average_SEM", 
        "value": -0.020004462776899649
    }
}