{
    "Ar36": {
        "error": 0.0013652641837683136, 
        "fit": "linear", 
        "value": 0.010092548000160125
    }, 
    "Ar37": {
        "error": 0.053481032460751379, 
        "fit": "linear", 
        "value": 0.19078548666726472
    }, 
    "Ar38": {
        "error": 0.33522598691049033, 
        "fit": "linear", 
        "value": 0.067157758764862255
    }, 
    "Ar39": {
        "error": 0.056482640970911054, 
        "fit": "linear", 
        "value": 4.3966420982334284
    }, 
    "Ar40": {
        "error": 0.22913145086510506, 
        "fit": "linear", 
        "value": 1023.9972493052328
    }, 
    "Ar41": {
        "error": 0.12254738723720189, 
        "fit": "average_SEM", 
        "value": -0.04332804730627686
    }
}