{
    "Ar36": {
        "error": 0.001781735264619236, 
        "fit": "linear", 
        "value": 0.01502916594411122
    }, 
    "Ar37": {
        "error": 0.054541102713159477, 
        "fit": "linear", 
        "value": 0.2087977614790168
    }, 
    "Ar38": {
        "error": 0.35718915184604505, 
        "fit": "linear", 
        "value": 0.036959614193022516
    }, 
    "Ar39": {
        "error": 0.066042197184778786, 
        "fit": "linear", 
        "value": 8.1386444648847149
    }, 
    "Ar40": {
        "error": 0.50656208424025417, 
        "fit": "linear", 
        "value": 1923.0108340637933
    }, 
    "Ar41": {
        "error": 0.14854348666192471, 
        "fit": "average_SEM", 
        "value": -0.041474296949248431
    }
}