{
    "Ar36": {
        "error": 0.001292122748939462, 
        "fit": "linear", 
        "value": 0.0081048053263626015
    }, 
    "Ar37": {
        "error": 0.055088803052832695, 
        "fit": "linear", 
        "value": 0.18996990501373204
    }, 
    "Ar38": {
        "error": 0.33300619390073, 
        "fit": "linear", 
        "value": 0.17677307030157707
    }, 
    "Ar39": {
        "error": 0.053917485943193559, 
        "fit": "linear", 
        "value": 6.5435607055261897
    }, 
    "Ar40": {
        "error": 0.40311185191860488, 
        "fit": "linear", 
        "value": 1534.5669547948592
    }, 
    "Ar41": {
        "error": 0.12390502400753452, 
        "fit": "average_SEM", 
        "value": 0.0036313956091180446
    }
}