{
    "Ar36": {
        "error": 0.0016162133233561203, 
        "fit": "linear", 
        "value": 0.012112109493120912
    }, 
    "Ar37": {
        "error": 0.049832524143364289, 
        "fit": "linear", 
        "value": 0.19334945938610709
    }, 
    "Ar38": {
        "error": 0.32175976508851212, 
        "fit": "linear", 
        "value": 0.17765356126806528
    }, 
    "Ar39": {
        "error": 0.066779579310366335, 
        "fit": "linear", 
        "value": 6.8443349172564378
    }, 
    "Ar40": {
        "error": 0.30143311821803354, 
        "fit": "linear", 
        "value": 1608.7460252761791
    }, 
    "Ar41": {
        "error": 0.13320141080820513, 
        "fit": "average_SEM", 
        "value": -0.0087417756541011242
    }
}