{
    "Ar36": {
        "error": 0.0014916617122171497, 
        "fit": "linear", 
        "value": 0.013280991863942205
    }, 
    "Ar37": {
        "error": 0.048855332135705629, 
        "fit": "linear", 
        "value": 0.17216263252822964
    }, 
    "Ar38": {
        "error": 0.34486912279773879, 
        "fit": "linear", 
        "value": 0.025066310202082897
    }, 
    "Ar39": {
        "error": 0.056312093845673331, 
        "fit": "linear", 
        "value": 2.2823217771619309
    }, 
    "Ar40": {
        "error": 0.19976167848250578, 
        "fit": "linear", 
        "value": 510.5363860760292
    }, 
    "Ar41": {
        "error": 0.13000120619551925, 
        "fit": "average_SEM", 
        "value": -0.051846795425226445
    }
}