{
    "Ar36": {
        "error": 0.0018099090038666897, 
        "fit": "linear", 
        "value": 0.016667926562280746
    }, 
    "Ar37": {
        "error": 0.047286832329962225, 
        "fit": "linear", 
        "value": 0.21745587015274986
    }, 
    "Ar38": {
        "error": 0.33319635716978646, 
        "fit": "linear", 
        "value": 0.21198866278294673
    }, 
    "Ar39": {
        "error": 0.067194098287807993, 
        "fit": "linear", 
        "value": 9.4781832492840667
    }, 
    "Ar40": {
        "error": 0.60560780983001516, 
        "fit": "linear", 
        "value": 2243.1305957743461
    }, 
    "Ar41": {
        "error": 0.13024745352775505, 
        "fit": "average_SEM", 
        "value": 0.011283732180794081
    }
}