{
    "Ar36": {
        "error": 0.0013068481572587299, 
        "fit": "linear", 
        "value": 0.0085765053211437833
    }, 
    "Ar37": {
        "error": 0.056200748731897329, 
        "fit": "linear", 
        "value": 0.19370795117385242
    }, 
    "Ar38": {
        "error": 0.34474796209607134, 
        "fit": "linear", 
        "value": 0.059719883817988616
    }, 
    "Ar39": {
        "error": 0.057614809347759866, 
        "fit": "linear", 
        "value": 4.6944260563798457
    }, 
    "Ar40": {
        "error": 0.2681178146842631, 
        "fit": "linear", 
        "value": 1086.1320449028408
    }, 
    "Ar41": {
        "error": 0.13554084433937658, 
        "fit": "average_SEM", 
        "value": -0.016682354959969718
    }
}