{
    "Ar36": {
        "error": 0.0059928254055758613, 
        "fit": "linear", 
        "value": 0.18266601304859109
    }, 
    "Ar37": {
        "error": 0.052385846797796683, 
        "fit": "linear", 
        "value": 0.19772170448203402
    }, 
    "Ar38": {
        "error": 0.32879780281358478, 
        "fit": "linear", 
        "value": 0.13227698683479783
    }, 
    "Ar39": {
        "error": 0.061027978908329956, 
        "fit": "linear", 
        "value": 6.2756671331282554
    }, 
    "Ar40": {
        "error": 0.42869300606248095, 
        "fit": "linear", 
        "value": 1526.5485474264769
    }, 
    "Ar41": {
        "error": 0.12803696513655871, 
        "fit": "average_SEM", 
        "value": -0.021162443448750613
    }
}