{
    "Ar36": {
        "error": 0.0017042965967415359, 
        "fit": "linear", 
        "value": 0.014975060336081194
    }, 
    "Ar37": {
        "error": 0.057467399354459887, 
        "fit": "linear", 
        "value": 0.18548629281144219
    }, 
    "Ar38": {
        "error": 0.33616011438424392, 
        "fit": "linear", 
        "value": 0.15208881254599707
    }, 
    "Ar39": {
        "error": 0.058188085624134064, 
        "fit": "linear", 
        "value": 5.665544633591872
    }, 
    "Ar40": {
        "error": 0.33991592777905671, 
        "fit": "linear", 
        "value": 1327.6528579413928
    }, 
    "Ar41": {
        "error": 0.13543174258745921, 
        "fit": "average_SEM", 
        "value": 0.016280319656943903
    }
}