{
    "Ar36": {
        "error": 0.0053954441893357304, 
        "fit": "linear", 
        "value": 0.20610690773185336
    }, 
    "Ar37": {
        "error": 0.064053344694267197, 
        "fit": "linear", 
        "value": 0.22598004140093536
    }, 
    "Ar38": {
        "error": 0.20306933323092211, 
        "fit": "linear", 
        "value": 0.32097112330009803
    }, 
    "Ar39": {
        "error": 0.068233997029909343, 
        "fit": "linear", 
        "value": 13.295476026499372
    }, 
    "Ar40": {
        "error": 0.68299442011728995, 
        "fit": "linear", 
        "value": 3265.7819025234498
    }, 
    "Ar41": {
        "error": 0.12973658650174311, 
        "fit": "average_SEM", 
        "value": 0.098020952938434977
    }
}