{
    "Ar36": {
        "error": 0.006836686668662318, 
        "fit": "linear", 
        "value": 0.26491263039823121
    }, 
    "Ar37": {
        "error": 0.052203815528115614, 
        "fit": "linear", 
        "value": 0.22643331907324504
    }, 
    "Ar38": {
        "error": 0.23261625262366528, 
        "fit": "linear", 
        "value": 0.38970108271175041
    }, 
    "Ar39": {
        "error": 0.070267250698191897, 
        "fit": "linear", 
        "value": 13.441050604410989
    }, 
    "Ar40": {
        "error": 0.6368819839485691, 
        "fit": "linear", 
        "value": 3317.3964325197967
    }, 
    "Ar41": {
        "error": 0.13619960896027672, 
        "fit": "average_SEM", 
        "value": 0.10049561487898852
    }
}