{
    "Ar36": {
        "error": 0.0032204891939431424, 
        "fit": "linear", 
        "value": 0.063888938667304426
    }, 
    "Ar37": {
        "error": 0.058008375719098733, 
        "fit": "linear", 
        "value": 0.21869125420260691
    }, 
    "Ar38": {
        "error": 0.20676969660463604, 
        "fit": "linear", 
        "value": 0.30730889432546155
    }, 
    "Ar39": {
        "error": 0.064343084846531728, 
        "fit": "linear", 
        "value": 12.021083412627481
    }, 
    "Ar40": {
        "error": 0.61068325509880472, 
        "fit": "linear", 
        "value": 2918.4128528837086
    }, 
    "Ar41": {
        "error": 0.13596880598106867, 
        "fit": "average_SEM", 
        "value": 0.09400708725350948
    }
}