{
    "Ar36": {
        "error": 0.0037839381410716974, 
        "fit": "linear", 
        "value": 0.088213277329654532
    }, 
    "Ar37": {
        "error": 0.057342549413952601, 
        "fit": "linear", 
        "value": 0.2235254568776584
    }, 
    "Ar38": {
        "error": 0.2090712106705129, 
        "fit": "linear", 
        "value": 0.29985057747471544
    }, 
    "Ar39": {
        "error": 0.075585730700984136, 
        "fit": "linear", 
        "value": 12.520767305264066
    }, 
    "Ar40": {
        "error": 0.66378542203881319, 
        "fit": "linear", 
        "value": 3045.2467433265033
    }, 
    "Ar41": {
        "error": 0.13833384221774858, 
        "fit": "average_SEM", 
        "value": 0.1109397907636594
    }
}