{
    "Ar36": {
        "error": 0.0047385325565063394, 
        "fit": "linear", 
        "value": 0.12660834964681045
    }, 
    "Ar37": {
        "error": 0.05182456162060315, 
        "fit": "linear", 
        "value": 0.23400419928310298
    }, 
    "Ar38": {
        "error": 0.19375495661703962, 
        "fit": "linear", 
        "value": 0.39464664226609569
    }, 
    "Ar39": {
        "error": 0.065719512905941677, 
        "fit": "linear", 
        "value": 16.163373205823703
    }, 
    "Ar40": {
        "error": 0.7420330204085035, 
        "fit": "linear", 
        "value": 3932.492920280456
    }, 
    "Ar41": {
        "error": 0.12764131204360665, 
        "fit": "average_SEM", 
        "value": 0.12303381214694431
    }
}