{
    "Ar36": {
        "error": 0.0025895287551395748, 
        "fit": "linear", 
        "value": 0.033963251141028106
    }, 
    "Ar37": {
        "error": 0.055397476278122908, 
        "fit": "linear", 
        "value": 0.37692550795858448
    }, 
    "Ar38": {
        "error": 0.18433579954120205, 
        "fit": "linear", 
        "value": 0.63159386266532935
    }, 
    "Ar39": {
        "error": 0.45387517048259329, 
        "fit": "linear", 
        "value": 24.820034098393414
    }, 
    "Ar40": {
        "error": 0.063739270306609433, 
        "fit": "linear", 
        "value": 5110.9120613767464
    }, 
    "Ar41": {
        "error": 1.2883889242090627, 
        "fit": "average_SEM", 
        "value": 0.94356150626204904
    }
}