{
    "Ar36": {
        "error": 0.0018366973156723858, 
        "fit": "linear", 
        "value": 0.017673222013848654
    }, 
    "Ar37": {
        "error": 0.055637159597061399, 
        "fit": "linear", 
        "value": 0.218211787445172
    }, 
    "Ar38": {
        "error": 0.18308655234706364, 
        "fit": "linear", 
        "value": 0.31702231769231048
    }, 
    "Ar39": {
        "error": 0.071009299391415912, 
        "fit": "linear", 
        "value": 14.320720570801239
    }, 
    "Ar40": {
        "error": 0.60790876079072709, 
        "fit": "linear", 
        "value": 3465.3993698170925
    }, 
    "Ar41": {
        "error": 0.1431121723070708, 
        "fit": "average_SEM", 
        "value": 0.10726484669217219
    }
}