{
    "Ar36": {
        "error": 0.0012986260525575846, 
        "fit": "linear", 
        "value": 0.0072464258580340751
    }, 
    "Ar37": {
        "error": 0.054337245386200404, 
        "fit": "linear", 
        "value": 0.15927620722445435
    }, 
    "Ar38": {
        "error": 0.22954628204585439, 
        "fit": "linear", 
        "value": 0.19306292500169184
    }, 
    "Ar39": {
        "error": 0.053387423042361451, 
        "fit": "linear", 
        "value": 1.8203179217802856
    }, 
    "Ar40": {
        "error": 0.18092047320501239, 
        "fit": "linear", 
        "value": 429.21848053290222
    }, 
    "Ar41": {
        "error": 0.1257234019614232, 
        "fit": "average_SEM", 
        "value": 0.044620190418014925
    }
}