{
    "Ar36": {
        "error": 0.0019589552810633116, 
        "fit": "linear", 
        "value": 0.019939969265271577
    }, 
    "Ar37": {
        "error": 0.051231622399355407, 
        "fit": "linear", 
        "value": 0.21507862212675291
    }, 
    "Ar38": {
        "error": 0.23357753433002165, 
        "fit": "linear", 
        "value": 0.26705515370979227
    }, 
    "Ar39": {
        "error": 0.062455384011316825, 
        "fit": "linear", 
        "value": 12.586589558960101
    }, 
    "Ar40": {
        "error": 0.64148737060658978, 
        "fit": "linear", 
        "value": 3046.2073039918023
    }, 
    "Ar41": {
        "error": 0.12314757796826321, 
        "fit": "average_SEM", 
        "value": 0.10565710281255937
    }
}