{
    "Ar36": {
        "error": 0.0012217917324677662, 
        "fit": "linear", 
        "value": 0.0065724301543004984
    }, 
    "Ar37": {
        "error": 0.056317529621751641, 
        "fit": "linear", 
        "value": 0.15243431610231817
    }, 
    "Ar38": {
        "error": 0.25651382871033662, 
        "fit": "linear", 
        "value": 0.12946862797924358
    }, 
    "Ar39": {
        "error": 0.060700427506302286, 
        "fit": "linear", 
        "value": 1.9857579770007205
    }, 
    "Ar40": {
        "error": 0.1585772678666853, 
        "fit": "linear", 
        "value": 469.17521660857199
    }, 
    "Ar41": {
        "error": 0.12816637899277036, 
        "fit": "average_SEM", 
        "value": 0.037819191777380183
    }
}