{
    "Ar36": {
        "error": 0.0027055997698101773, 
        "fit": "linear", 
        "value": 0.039491433803749282
    }, 
    "Ar37": {
        "error": 0.052118494172097095, 
        "fit": "linear", 
        "value": 0.28631350499869845
    }, 
    "Ar38": {
        "error": 0.16427118294821355, 
        "fit": "linear", 
        "value": 0.55770652227848316
    }, 
    "Ar39": {
        "error": 0.163245339037664, 
        "fit": "linear", 
        "value": 28.200685077645979
    }, 
    "Ar40": {
        "error": 0.066941578903576562, 
        "fit": "linear", 
        "value": 5110.8183267175373
    }, 
    "Ar41": {
        "error": 0.1735247330333603, 
        "fit": "average_SEM", 
        "value": 0.18807515838959565
    }
}