{
    "Ar36": {
        "error": 0.0026927202445353364, 
        "fit": "linear", 
        "value": 0.036920072640304724
    }, 
    "Ar37": {
        "error": 0.067661972707972418, 
        "fit": "linear", 
        "value": 0.38983383829053658
    }, 
    "Ar38": {
        "error": 0.20359582177042906, 
        "fit": "linear", 
        "value": 0.71125055570378226
    }, 
    "Ar39": {
        "error": 0.94387274885288819, 
        "fit": "linear", 
        "value": 25.681229770042769
    }, 
    "Ar40": {
        "error": 0.071129768885241473, 
        "fit": "linear", 
        "value": 5110.8218586157163
    }, 
    "Ar41": {
        "error": 1.740677662990135, 
        "fit": "average_SEM", 
        "value": 1.0007617722544819
    }
}