{
    "Ar36": {
        "error": 0.0040070986339773183, 
        "fit": "linear", 
        "value": 0.11800956168286905
    }, 
    "Ar37": {
        "error": 0.047627673561043755, 
        "fit": "linear", 
        "value": 0.2387857639355967
    }, 
    "Ar38": {
        "error": 0.23284886776067676, 
        "fit": "linear", 
        "value": 0.2993832128076005
    }, 
    "Ar39": {
        "error": 0.06476826587444634, 
        "fit": "linear", 
        "value": 14.051600605378457
    }, 
    "Ar40": {
        "error": 0.5897566955761806, 
        "fit": "linear", 
        "value": 3431.6512380220893
    }, 
    "Ar41": {
        "error": 0.1337908670895577, 
        "fit": "average_SEM", 
        "value": 0.11712291413685307
    }
}