{
    "Ar36": {
        "error": 0.0027416555182772973, 
        "fit": "linear", 
        "value": 0.04853571125395946
    }, 
    "Ar37": {
        "error": 0.065394410390611488, 
        "fit": "linear", 
        "value": 0.3717804807980426
    }, 
    "Ar38": {
        "error": 0.20950905121581109, 
        "fit": "linear", 
        "value": 0.65338342390817461
    }, 
    "Ar39": {
        "error": 0.17096313661003723, 
        "fit": "linear", 
        "value": 24.172637806882733
    }, 
    "Ar40": {
        "error": 0.066778150298339695, 
        "fit": "linear", 
        "value": 5110.8489954303668
    }, 
    "Ar41": {
        "error": 0.96136750037482199, 
        "fit": "average_SEM", 
        "value": 0.87225279183747872
    }
}