{
    "Ar36": {
        "error": 0.0018697107967954817, 
        "fit": "linear", 
        "value": 0.018178743880310266
    }, 
    "Ar37": {
        "error": 0.05663135580736095, 
        "fit": "linear", 
        "value": 0.22195701354015379
    }, 
    "Ar38": {
        "error": 0.21187520129956422, 
        "fit": "linear", 
        "value": 0.3879448440152784
    }, 
    "Ar39": {
        "error": 0.066368507341651131, 
        "fit": "linear", 
        "value": 12.293123023452555
    }, 
    "Ar40": {
        "error": 0.68845243296863701, 
        "fit": "linear", 
        "value": 2945.3499237724136
    }, 
    "Ar41": {
        "error": 0.12629950436528314, 
        "fit": "average_SEM", 
        "value": 0.13596609679788041
    }
}