{
    "Ar36": {
        "error": 0.0016739113107556672, 
        "fit": "linear", 
        "value": 0.015440313998664947
    }, 
    "Ar37": {
        "error": 0.057732573629979793, 
        "fit": "linear", 
        "value": 0.19073566200173986
    }, 
    "Ar38": {
        "error": 0.19756682315821628, 
        "fit": "linear", 
        "value": 0.31994312705339645
    }, 
    "Ar39": {
        "error": 0.069246196191189102, 
        "fit": "linear", 
        "value": 9.3108345478101349
    }, 
    "Ar40": {
        "error": 0.43925082970690427, 
        "fit": "linear", 
        "value": 2217.8629038366453
    }, 
    "Ar41": {
        "error": 0.13473575631531406, 
        "fit": "average_SEM", 
        "value": 0.11927449369841876
    }
}