{
    "Ar36": {
        "error": 0.0020166403821821775, 
        "fit": "linear", 
        "value": 0.018390915598950855
    }, 
    "Ar37": {
        "error": 0.054855631645773929, 
        "fit": "linear", 
        "value": 0.18270980271676784
    }, 
    "Ar38": {
        "error": 0.18647244690645562, 
        "fit": "linear", 
        "value": 0.27102416811708174
    }, 
    "Ar39": {
        "error": 0.062255695930868084, 
        "fit": "linear", 
        "value": 7.0265488094078323
    }, 
    "Ar40": {
        "error": 0.36171096059416075, 
        "fit": "linear", 
        "value": 1667.2731152047891
    }, 
    "Ar41": {
        "error": 0.14004333124358576, 
        "fit": "average_SEM", 
        "value": 0.1232344427384669
    }
}