{
    "Ar36": {
        "error": 0.0023245619213110524, 
        "fit": "linear", 
        "value": 0.028785332703903821
    }, 
    "Ar37": {
        "error": 0.058303751203865939, 
        "fit": "linear", 
        "value": 0.25396722966740665
    }, 
    "Ar38": {
        "error": 0.23659456551795405, 
        "fit": "linear", 
        "value": 0.40300618261148446
    }, 
    "Ar39": {
        "error": 0.063783299708659244, 
        "fit": "linear", 
        "value": 20.758943886389755
    }, 
    "Ar40": {
        "error": 0.91563563710940254, 
        "fit": "linear", 
        "value": 4994.9499666659194
    }, 
    "Ar41": {
        "error": 0.13170469308347232, 
        "fit": "average_SEM", 
        "value": 0.15532963647662351
    }
}