{
    "Ar36": {
        "error": 0.001662075674079611, 
        "fit": "linear", 
        "value": 0.012647361852704691
    }, 
    "Ar37": {
        "error": 0.058217343452260852, 
        "fit": "linear", 
        "value": 0.21579527784263491
    }, 
    "Ar38": {
        "error": 0.26651534296142382, 
        "fit": "linear", 
        "value": 0.27268510926676237
    }, 
    "Ar39": {
        "error": 0.0630431629805141, 
        "fit": "linear", 
        "value": 13.433336134691906
    }, 
    "Ar40": {
        "error": 0.69899202350502943, 
        "fit": "linear", 
        "value": 3217.7851571731544
    }, 
    "Ar41": {
        "error": 0.13140802395797818, 
        "fit": "average_SEM", 
        "value": 0.11691605520434678
    }
}