{
    "Ar36": {
        "error": 0.0019451502582318793, 
        "fit": "linear", 
        "value": 0.020742316214163267
    }, 
    "Ar37": {
        "error": 0.049716455355852437, 
        "fit": "linear", 
        "value": 0.23768934978074246
    }, 
    "Ar38": {
        "error": 0.27110150379835696, 
        "fit": "linear", 
        "value": 0.35442541076531853
    }, 
    "Ar39": {
        "error": 0.077574087669826083, 
        "fit": "linear", 
        "value": 19.192665036404186
    }, 
    "Ar40": {
        "error": 0.72914564067932364, 
        "fit": "linear", 
        "value": 4613.1373475466389
    }, 
    "Ar41": {
        "error": 0.13795335032960865, 
        "fit": "average_SEM", 
        "value": 0.1295452598319389
    }
}