{
    "Ar36": {
        "error": 0.002289899747978098, 
        "fit": "linear", 
        "value": 0.030520429209538041
    }, 
    "Ar37": {
        "error": 0.052091725434009944, 
        "fit": "linear", 
        "value": 0.21877611284638609
    }, 
    "Ar38": {
        "error": 0.27778203032992521, 
        "fit": "linear", 
        "value": 0.24366718538637142
    }, 
    "Ar39": {
        "error": 0.063152994274767033, 
        "fit": "linear", 
        "value": 11.196698357290611
    }, 
    "Ar40": {
        "error": 0.64809137081414592, 
        "fit": "linear", 
        "value": 2684.5306689552813
    }, 
    "Ar41": {
        "error": 0.13872095840231388, 
        "fit": "average_SEM", 
        "value": 0.072666780397606393
    }
}