{
    "Ar36": {
        "error": 0.0023543275809008056, 
        "fit": "linear", 
        "value": 0.032132159244052501
    }, 
    "Ar37": {
        "error": 0.053613585576174488, 
        "fit": "linear", 
        "value": 0.22854898296084381
    }, 
    "Ar38": {
        "error": 0.27938830055749847, 
        "fit": "linear", 
        "value": 0.3346689222202297
    }, 
    "Ar39": {
        "error": 0.070171253998013786, 
        "fit": "linear", 
        "value": 14.527398794621831
    }, 
    "Ar40": {
        "error": 0.60423444604230847, 
        "fit": "linear", 
        "value": 3491.0645595966234
    }, 
    "Ar41": {
        "error": 0.13070018955941093, 
        "fit": "average_SEM", 
        "value": 0.086998163659979283
    }
}