{
    "Ar36": {
        "error": 0.0028157058837599311, 
        "fit": "linear", 
        "value": 0.043370430247813452
    }, 
    "Ar37": {
        "error": 0.048951440101548192, 
        "fit": "linear", 
        "value": 0.24870912597783362
    }, 
    "Ar38": {
        "error": 0.29013544473765995, 
        "fit": "linear", 
        "value": 0.26892022309609348
    }, 
    "Ar39": {
        "error": 0.054619487149293489, 
        "fit": "linear", 
        "value": 12.612559938984338
    }, 
    "Ar40": {
        "error": 0.54814574870301536, 
        "fit": "linear", 
        "value": 3023.2044661211912
    }, 
    "Ar41": {
        "error": 0.12744026425010421, 
        "fit": "average_SEM", 
        "value": 0.099163032141514118
    }
}