{
    "Ar36": {
        "error": 0.0020142788008316805, 
        "fit": "parabolic", 
        "value": 0.016621347455818815
    }, 
    "Ar37": {
        "error": 0.052091035580632342, 
        "fit": "linear", 
        "value": 0.22047260387773046
    }, 
    "Ar38": {
        "error": 0.32907127869274871, 
        "fit": "linear", 
        "value": 0.21307082450458742
    }, 
    "Ar39": {
        "error": 0.065860759773492927, 
        "fit": "parabolic", 
        "value": 11.770833604356017
    }, 
    "Ar40": {
        "error": 0.45713159261962372, 
        "fit": "parabolic", 
        "value": 2820.0249565948698
    }, 
    "Ar41": {
        "error": 0.12794893784780698, 
        "fit": "average_SEM", 
        "value": 0.032564306476870114
    }
}