{
    "Ar36": {
        "error": 0.010615628307772225, 
        "fit": "linear", 
        "value": 0.75159058697554737
    }, 
    "Ar37": {
        "error": 0.05765556211021737, 
        "fit": "linear", 
        "value": 0.22601924222862479
    }, 
    "Ar38": {
        "error": 0.30450405304675793, 
        "fit": "linear", 
        "value": 0.28964975042178442
    }, 
    "Ar39": {
        "error": 0.064991937037003025, 
        "fit": "linear", 
        "value": 10.685168716752514
    }, 
    "Ar40": {
        "error": 0.44473010710269933, 
        "fit": "linear", 
        "value": 2786.017968150285
    }, 
    "Ar41": {
        "error": 0.12797258960885036, 
        "fit": "average_SEM", 
        "value": 0.049304852320346981
    }
}