{
    "Ar36": {
        "error": 0.0032419513940595605, 
        "fit": "parabolic", 
        "value": 0.049279043555096817
    }, 
    "Ar37": {
        "error": 0.054608942746359926, 
        "fit": "linear", 
        "value": 0.26265882213587277
    }, 
    "Ar38": {
        "error": 0.30516706972161683, 
        "fit": "linear", 
        "value": 0.36149024813874819
    }, 
    "Ar39": {
        "error": 0.063776729917693675, 
        "fit": "parabolic", 
        "value": 20.225747220275714
    }, 
    "Ar40": {
        "error": 0.75134139276784107, 
        "fit": "parabolic", 
        "value": 4897.9510439392816
    }, 
    "Ar41": {
        "error": 0.13577623608401601, 
        "fit": "average_SEM", 
        "value": 0.094836354219587526
    }
}