{
    "Ar36": {
        "error": 0.001893849521545839, 
        "fit": "linear", 
        "value": 0.018888726100717984
    }, 
    "Ar37": {
        "error": 0.060519866846085131, 
        "fit": "linear", 
        "value": 0.18207051000593236
    }, 
    "Ar38": {
        "error": 0.30716101539829899, 
        "fit": "linear", 
        "value": 0.17501087109931546
    }, 
    "Ar39": {
        "error": 0.063551429960614206, 
        "fit": "linear", 
        "value": 6.0122199701522057
    }, 
    "Ar40": {
        "error": 0.36875454125263757, 
        "fit": "linear", 
        "value": 1425.5550337058075
    }, 
    "Ar41": {
        "error": 0.12391392304484415, 
        "fit": "average_SEM", 
        "value": 0.029274570686975494
    }
}