{
    "Ar36": {
        "error": 0.0022844428746591036, 
        "fit": "linear", 
        "value": 0.028913011225237727
    }, 
    "Ar37": {
        "error": 0.053131267653289113, 
        "fit": "linear", 
        "value": 0.19244764229899619
    }, 
    "Ar38": {
        "error": 0.30639628542087449, 
        "fit": "linear", 
        "value": 0.19394033516138504
    }, 
    "Ar39": {
        "error": 0.068305261704484338, 
        "fit": "linear", 
        "value": 10.343431899494153
    }, 
    "Ar40": {
        "error": 0.60680097724103899, 
        "fit": "linear", 
        "value": 2490.8857934841571
    }, 
    "Ar41": {
        "error": 0.13241218472072278, 
        "fit": "average_SEM", 
        "value": 0.0505948552954942
    }
}