{
    "Ar36": {
        "error": 0.0014610462575507964, 
        "fit": "linear", 
        "value": 0.010123276299176462
    }, 
    "Ar37": {
        "error": 0.055886535640868547, 
        "fit": "linear", 
        "value": 0.17718169422350788
    }, 
    "Ar38": {
        "error": 0.35199422033624933, 
        "fit": "linear", 
        "value": 0.14958904883889232
    }, 
    "Ar39": {
        "error": 0.060011452587199386, 
        "fit": "linear", 
        "value": 6.3246033726816586
    }, 
    "Ar40": {
        "error": 0.33506378711747692, 
        "fit": "linear", 
        "value": 1494.1768318376426
    }, 
    "Ar41": {
        "error": 0.12971803158411452, 
        "fit": "average_SEM", 
        "value": 0.043319891277545444
    }
}