{
    "Ar36": {
        "error": 0.0011329171048184762, 
        "fit": "linear", 
        "value": 0.0042605375464433238
    }, 
    "Ar37": {
        "error": 0.050427222449904482, 
        "fit": "linear", 
        "value": 0.1814926378792508
    }, 
    "Ar38": {
        "error": 0.32138154872719543, 
        "fit": "linear", 
        "value": 0.1623699801912285
    }, 
    "Ar39": {
        "error": 0.056882009707797478, 
        "fit": "linear", 
        "value": 2.9615685561216938
    }, 
    "Ar40": {
        "error": 0.2679228641605656, 
        "fit": "linear", 
        "value": 681.53895394234576
    }, 
    "Ar41": {
        "error": 0.13240371749781199, 
        "fit": "average_SEM", 
        "value": 0.038529231989717423
    }
}