{
    "Ar36": {
        "error": 0.0013741330095482086, 
        "fit": "linear", 
        "value": 0.011646875218617479
    }, 
    "Ar37": {
        "error": 0.05311432806618957, 
        "fit": "linear", 
        "value": 0.18587835093287353
    }, 
    "Ar38": {
        "error": 0.33862913321472454, 
        "fit": "linear", 
        "value": 0.16747292694966409
    }, 
    "Ar39": {
        "error": 0.06296551026914439, 
        "fit": "linear", 
        "value": 6.1999765357834011
    }, 
    "Ar40": {
        "error": 0.34118577655217874, 
        "fit": "linear", 
        "value": 1460.2157475439665
    }, 
    "Ar41": {
        "error": 0.13625463349014139, 
        "fit": "average_SEM", 
        "value": 0.014133791492446713
    }
}