{
    "Ar36": {
        "error": 0.0010855790172084147, 
        "fit": "linear", 
        "value": 0.0049371996331570318
    }, 
    "Ar37": {
        "error": 0.053856804993939578, 
        "fit": "linear", 
        "value": 0.1720046290651539
    }, 
    "Ar38": {
        "error": 0.31770817803892881, 
        "fit": "linear", 
        "value": 0.18246932731295989
    }, 
    "Ar39": {
        "error": 0.063780737457073244, 
        "fit": "linear", 
        "value": 7.2351214942897464
    }, 
    "Ar40": {
        "error": 0.37121638273256691, 
        "fit": "linear", 
        "value": 1715.8673114359581
    }, 
    "Ar41": {
        "error": 0.13418643610034736, 
        "fit": "average_SEM", 
        "value": 0.045096090243314395
    }
}