{
    "Ar36": {
        "error": 0.0014746139573174422, 
        "fit": "linear", 
        "value": 0.011152612158559521
    }, 
    "Ar37": {
        "error": 0.051918588921242896, 
        "fit": "linear", 
        "value": 0.19326182264986241
    }, 
    "Ar38": {
        "error": 0.32611847383685316, 
        "fit": "linear", 
        "value": 0.21444501494775856
    }, 
    "Ar39": {
        "error": 0.069378871208642778, 
        "fit": "linear", 
        "value": 7.3969672043281243
    }, 
    "Ar40": {
        "error": 0.4003593340901016, 
        "fit": "linear", 
        "value": 1740.6967154696467
    }, 
    "Ar41": {
        "error": 0.11691542040585787, 
        "fit": "average_SEM", 
        "value": 0.022004595293353
    }
}