{
    "Ar36": {
        "error": 0.0020674097181622554, 
        "fit": "linear", 
        "value": 0.021880354642889878
    }, 
    "Ar37": {
        "error": 0.052194168944934186, 
        "fit": "linear", 
        "value": 0.18876803598339004
    }, 
    "Ar38": {
        "error": 0.32968757290079115, 
        "fit": "linear", 
        "value": 0.11337699958194161
    }, 
    "Ar39": {
        "error": 0.060892710753256044, 
        "fit": "linear", 
        "value": 4.8008592397029748
    }, 
    "Ar40": {
        "error": 0.31817267929045473, 
        "fit": "linear", 
        "value": 1126.5004776925321
    }, 
    "Ar41": {
        "error": 0.13581823275253324, 
        "fit": "average_SEM", 
        "value": 0.026895550892998776
    }
}