{
    "Ar36": {
        "error": 0.0036062321333609933, 
        "fit": "linear", 
        "value": 0.067721054046399165
    }, 
    "Ar37": {
        "error": 0.054364085443475221, 
        "fit": "linear", 
        "value": 0.2399445987004028
    }, 
    "Ar38": {
        "error": 0.31789012241824144, 
        "fit": "linear", 
        "value": 0.32498251801521649
    }, 
    "Ar39": {
        "error": 0.067331852198373635, 
        "fit": "linear", 
        "value": 15.919203763565204
    }, 
    "Ar40": {
        "error": 0.7397651675935526, 
        "fit": "linear", 
        "value": 3824.4132769666421
    }, 
    "Ar41": {
        "error": 0.12689553839091383, 
        "fit": "average_SEM", 
        "value": 0.078486682880514608
    }
}