{
    "Ar36": {
        "error": 0.002139252052755578, 
        "fit": "linear", 
        "value": 0.022035690682705715
    }, 
    "Ar37": {
        "error": 0.054170935709403817, 
        "fit": "linear", 
        "value": 0.23955169529902193
    }, 
    "Ar38": {
        "error": 0.34468008051129795, 
        "fit": "linear", 
        "value": 0.29557356160978643
    }, 
    "Ar39": {
        "error": 0.06946265732318202, 
        "fit": "linear", 
        "value": 15.238125859791507
    }, 
    "Ar40": {
        "error": 0.7954245823080679, 
        "fit": "linear", 
        "value": 3674.0352897401563
    }, 
    "Ar41": {
        "error": 0.1372271475373664, 
        "fit": "average_SEM", 
        "value": 0.088895909716375177
    }
}