{
    "Ar36": {
        "error": 0.0022333488146014436, 
        "fit": "linear", 
        "value": 0.029379937143538704
    }, 
    "Ar37": {
        "error": 0.059999598696034578, 
        "fit": "linear", 
        "value": 0.25055824089010065
    }, 
    "Ar38": {
        "error": 0.32746726548611954, 
        "fit": "linear", 
        "value": 0.30641947967468669
    }, 
    "Ar39": {
        "error": 0.067518526738547899, 
        "fit": "linear", 
        "value": 14.919554336790327
    }, 
    "Ar40": {
        "error": 0.75419818607810429, 
        "fit": "linear", 
        "value": 3594.6989801981044
    }, 
    "Ar41": {
        "error": 0.12664504671651255, 
        "fit": "average_SEM", 
        "value": 0.081128793320009815
    }
}