{
    "Ar36": {
        "error": 0.0014826303458801511, 
        "fit": "linear", 
        "value": 0.010844824908802323
    }, 
    "Ar37": {
        "error": 0.056383382228311997, 
        "fit": "linear", 
        "value": 0.20169398006192801
    }, 
    "Ar38": {
        "error": 0.33507442613389682, 
        "fit": "linear", 
        "value": 0.25796840838144069
    }, 
    "Ar39": {
        "error": 0.061115983828389675, 
        "fit": "linear", 
        "value": 9.0459237066626788
    }, 
    "Ar40": {
        "error": 0.49809312598465877, 
        "fit": "linear", 
        "value": 2165.4090374718912
    }, 
    "Ar41": {
        "error": 0.14150120373125816, 
        "fit": "average_SEM", 
        "value": 0.045129139993029338
    }
}