{
    "Ar36": {
        "error": 0.0013852382549697068, 
        "fit": "linear", 
        "value": 0.0081918781277561751
    }, 
    "Ar37": {
        "error": 0.058387203870268758, 
        "fit": "linear", 
        "value": 0.17827888346142129
    }, 
    "Ar38": {
        "error": 0.3433406706400402, 
        "fit": "linear", 
        "value": 0.16597167006500396
    }, 
    "Ar39": {
        "error": 0.05790734215741436, 
        "fit": "linear", 
        "value": 2.8409897682817631
    }, 
    "Ar40": {
        "error": 0.24972971252501874, 
        "fit": "linear", 
        "value": 650.15517467399718
    }, 
    "Ar41": {
        "error": 0.12549154361173342, 
        "fit": "average_SEM", 
        "value": 0.0019033341559891899
    }
}