{
    "Ar36": {
        "error": 0.0024760546290454048, 
        "fit": "linear", 
        "value": 0.041027245024160872
    }, 
    "Ar37": {
        "error": 0.05119314406564919, 
        "fit": "linear", 
        "value": 0.1659539413656794
    }, 
    "Ar38": {
        "error": 0.31286139531378326, 
        "fit": "linear", 
        "value": 0.17157733696768834
    }, 
    "Ar39": {
        "error": 0.061888442207647693, 
        "fit": "linear", 
        "value": 2.3720008605128884
    }, 
    "Ar40": {
        "error": 0.20657446563844289, 
        "fit": "linear", 
        "value": 546.63422338820101
    }, 
    "Ar41": {
        "error": 0.13637586789061609, 
        "fit": "average_SEM", 
        "value": 0.0079857611687233054
    }
}