{
    "Ar36": {
        "error": 0.001362290349829648, 
        "fit": "linear", 
        "value": 0.0070817069152938113
    }, 
    "Ar37": {
        "error": 0.051777380412282588, 
        "fit": "linear", 
        "value": 0.19137706726967102
    }, 
    "Ar38": {
        "error": 0.32612944748139883, 
        "fit": "linear", 
        "value": 0.17447885636950697
    }, 
    "Ar39": {
        "error": 0.060181849571866779, 
        "fit": "linear", 
        "value": 5.585792645597456
    }, 
    "Ar40": {
        "error": 0.30687564097114312, 
        "fit": "linear", 
        "value": 1317.232731750117
    }, 
    "Ar41": {
        "error": 0.12886419996143286, 
        "fit": "average_SEM", 
        "value": 0.044965053790171322
    }
}