{
    "Ar36": {
        "error": 0.0027942725804205337, 
        "fit": "linear", 
        "value": 0.031755591025617314
    }, 
    "Ar37": {
        "error": 0.053486121527162984, 
        "fit": "linear", 
        "value": 0.248792191746424
    }, 
    "Ar38": {
        "error": 0.31989072167473914, 
        "fit": "linear", 
        "value": 0.24859278745443977
    }, 
    "Ar39": {
        "error": 0.066452823261803406, 
        "fit": "linear", 
        "value": 12.765648703634955
    }, 
    "Ar40": {
        "error": 0.59199354613216415, 
        "fit": "linear", 
        "value": 3075.8342449675101
    }, 
    "Ar41": {
        "error": 0.1250285155764212, 
        "fit": "average_SEM", 
        "value": 0.088545978767021249
    }
}