{
    "Ar36": {
        "error": 0.0015605038425937402, 
        "fit": "linear", 
        "value": 0.01011677126419798
    }, 
    "Ar37": {
        "error": 0.05341949518424207, 
        "fit": "linear", 
        "value": 0.1964703283834888
    }, 
    "Ar38": {
        "error": 0.33367892742682825, 
        "fit": "linear", 
        "value": 0.29684867721028774
    }, 
    "Ar39": {
        "error": 0.064582183926267148, 
        "fit": "linear", 
        "value": 8.5656341849943303
    }, 
    "Ar40": {
        "error": 0.49713997428466095, 
        "fit": "linear", 
        "value": 2042.6436430572151
    }, 
    "Ar41": {
        "error": 0.12038358389957896, 
        "fit": "average_SEM", 
        "value": 0.05335880189629582
    }
}