{
    "Ar36": {
        "error": 0.0027625141156335238, 
        "fit": "linear", 
        "value": 0.034467151023214612
    }, 
    "Ar37": {
        "error": 0.056744529901290058, 
        "fit": "linear", 
        "value": 0.23739337951816075
    }, 
    "Ar38": {
        "error": 0.31903754733150891, 
        "fit": "linear", 
        "value": 0.32885419829794216
    }, 
    "Ar39": {
        "error": 0.062133184274843926, 
        "fit": "linear", 
        "value": 15.509504305063352
    }, 
    "Ar40": {
        "error": 0.84499430314421797, 
        "fit": "linear", 
        "value": 3729.972942325091
    }, 
    "Ar41": {
        "error": 0.1268587935769912, 
        "fit": "average_SEM", 
        "value": 0.098311691962492967
    }
}