{
    "Ar36": {
        "error": 0.0021436398824270482, 
        "fit": "linear", 
        "value": 0.020894170180955546
    }, 
    "Ar37": {
        "error": 0.054074019217033489, 
        "fit": "linear", 
        "value": 0.19564803545574144
    }, 
    "Ar38": {
        "error": 0.3433432192449325, 
        "fit": "linear", 
        "value": 0.25871765112525402
    }, 
    "Ar39": {
        "error": 0.056054277943546442, 
        "fit": "linear", 
        "value": 7.6096656966864167
    }, 
    "Ar40": {
        "error": 0.36941009337848346, 
        "fit": "linear", 
        "value": 1809.9298350242711
    }, 
    "Ar41": {
        "error": 0.13229488212163426, 
        "fit": "average_SEM", 
        "value": 0.033339666640385984
    }
}