{
    "Ar36": {
        "error": 0.0021421056124423989, 
        "fit": "linear", 
        "value": 0.019657742283393849
    }, 
    "Ar37": {
        "error": 0.051445100086175928, 
        "fit": "linear", 
        "value": 0.19365280809872115
    }, 
    "Ar38": {
        "error": 0.35465498027490866, 
        "fit": "linear", 
        "value": 0.199632843183984
    }, 
    "Ar39": {
        "error": 0.060042237376076446, 
        "fit": "linear", 
        "value": 5.9438960312860694
    }, 
    "Ar40": {
        "error": 0.36098446319066024, 
        "fit": "linear", 
        "value": 1400.3865100864991
    }, 
    "Ar41": {
        "error": 0.12582749412132962, 
        "fit": "average_SEM", 
        "value": 0.03080500153514246
    }
}