{
    "Ar36": {
        "error": 0.0027913127414891169, 
        "fit": "linear", 
        "value": 0.039740854742548862
    }, 
    "Ar37": {
        "error": 0.059611678103830487, 
        "fit": "linear", 
        "value": 0.16695510201503755
    }, 
    "Ar38": {
        "error": 0.35589258773521759, 
        "fit": "linear", 
        "value": 0.18172913463135493
    }, 
    "Ar39": {
        "error": 0.056051235626529868, 
        "fit": "linear", 
        "value": 2.7939654761085846
    }, 
    "Ar40": {
        "error": 0.22824073842185108, 
        "fit": "linear", 
        "value": 646.41057977567561
    }, 
    "Ar41": {
        "error": 0.12585923609916677, 
        "fit": "average_SEM", 
        "value": 0.037746493763600786
    }
}