{
    "Ar36": {
        "error": 0.0039616925593686557, 
        "fit": "linear", 
        "value": 0.099744856720880543
    }, 
    "Ar37": {
        "error": 0.057306009639663917, 
        "fit": "linear", 
        "value": 0.20863339817593357
    }, 
    "Ar38": {
        "error": 0.30592865129467406, 
        "fit": "linear", 
        "value": 0.29476204045217447
    }, 
    "Ar39": {
        "error": 0.063193008827085312, 
        "fit": "linear", 
        "value": 12.240179315975162
    }, 
    "Ar40": {
        "error": 0.58877593620058233, 
        "fit": "linear", 
        "value": 2960.8296783261148
    }, 
    "Ar41": {
        "error": 0.12922751972570645, 
        "fit": "average_SEM", 
        "value": 0.094627268768769382
    }
}