{
    "Ar36": {
        "error": 0.0024778495849426584, 
        "fit": "parabolic", 
        "value": 0.02577838921502601
    }, 
    "Ar37": {
        "error": 0.052242415280059698, 
        "fit": "linear", 
        "value": 0.24024413397458955
    }, 
    "Ar38": {
        "error": 0.27244038361086886, 
        "fit": "linear", 
        "value": 0.41084808786319699
    }, 
    "Ar39": {
        "error": 0.069359833827188758, 
        "fit": "parabolic", 
        "value": 18.277313724243697
    }, 
    "Ar40": {
        "error": 0.65485651623961039, 
        "fit": "parabolic", 
        "value": 4419.2677246380936
    }, 
    "Ar41": {
        "error": 0.12170810687273127, 
        "fit": "average_SEM", 
        "value": 0.045039315438589259
    }
}