{
    "Ar36": {
        "error": 0.0013303832384928959, 
        "fit": "parabolic", 
        "value": 0.0065457032736513819
    }, 
    "Ar37": {
        "error": 0.052260980484100009, 
        "fit": "linear", 
        "value": 0.17394055245089912
    }, 
    "Ar38": {
        "error": 0.26393590241529197, 
        "fit": "linear", 
        "value": 0.16976266749253327
    }, 
    "Ar39": {
        "error": 0.062116420458478365, 
        "fit": "parabolic", 
        "value": 4.549221481603352
    }, 
    "Ar40": {
        "error": 0.28012945166509262, 
        "fit": "parabolic", 
        "value": 1061.7778510220899
    }, 
    "Ar41": {
        "error": 0.12277026225759732, 
        "fit": "average_SEM", 
        "value": -0.013296046733303228
    }
}