{
    "Ar36": {
        "error": 0.0018421807853583583, 
        "fit": "parabolic", 
        "value": 0.012122771541430027
    }, 
    "Ar37": {
        "error": 0.053029544976801082, 
        "fit": "linear", 
        "value": 0.19472032312286167
    }, 
    "Ar38": {
        "error": 0.26516709253588783, 
        "fit": "linear", 
        "value": 0.28160558329532426
    }, 
    "Ar39": {
        "error": 0.060383128403113738, 
        "fit": "parabolic", 
        "value": 8.9648318495711994
    }, 
    "Ar40": {
        "error": 0.38608513153975349, 
        "fit": "parabolic", 
        "value": 2136.8779963989
    }, 
    "Ar41": {
        "error": 0.12490416652609633, 
        "fit": "average_SEM", 
        "value": 0.010987012121481711
    }
}