{
    "Ar36": {
        "error": 0.0016845189830645743, 
        "fit": "parabolic", 
        "value": 0.0098480459127602282
    }, 
    "Ar37": {
        "error": 0.05344880238118023, 
        "fit": "linear", 
        "value": 0.1689982778573153
    }, 
    "Ar38": {
        "error": 0.25661944858982094, 
        "fit": "linear", 
        "value": 0.23543587756994283
    }, 
    "Ar39": {
        "error": 0.05974859844583974, 
        "fit": "parabolic", 
        "value": 4.8911475406048179
    }, 
    "Ar40": {
        "error": 0.27413414931865865, 
        "fit": "parabolic", 
        "value": 1148.5657624642281
    }, 
    "Ar41": {
        "error": 0.12231369317734443, 
        "fit": "average_SEM", 
        "value": 0.0003218614513752982
    }
}