{
    "Ar36": {
        "error": 0.0024536378052599545, 
        "fit": "linear", 
        "value": 0.037468183993746074
    }, 
    "Ar37": {
        "error": 0.052007003908901249, 
        "fit": "linear", 
        "value": 0.17304915542775035
    }, 
    "Ar38": {
        "error": 0.19044925301405993, 
        "fit": "linear", 
        "value": 0.055818393282800763
    }, 
    "Ar39": {
        "error": 0.053792468726652554, 
        "fit": "linear", 
        "value": 2.1089301236124429
    }, 
    "Ar40": {
        "error": 0.17729340308759306, 
        "fit": "linear", 
        "value": 482.76927700880833
    }, 
    "Ar41": {
        "error": 0.11980796512546885, 
        "fit": "average_SEM", 
        "value": -0.09848870864532526
    }
}