{
    "Ar36": {
        "error": 0.0021309625862078515, 
        "fit": "linear", 
        "value": 0.02969728088635213
    }, 
    "Ar37": {
        "error": 0.056839081930153385, 
        "fit": "linear", 
        "value": 0.18092184078020354
    }, 
    "Ar38": {
        "error": 0.21292342870677933, 
        "fit": "linear", 
        "value": 0.11161177846513426
    }, 
    "Ar39": {
        "error": 0.063163750613605435, 
        "fit": "linear", 
        "value": 6.6196151116204689
    }, 
    "Ar40": {
        "error": 0.4000729254475035, 
        "fit": "linear", 
        "value": 1576.2612642886334
    }, 
    "Ar41": {
        "error": 0.13117749803221265, 
        "fit": "average_SEM", 
        "value": -0.065098996240542162
    }
}