{
    "Ar36": {
        "error": 0.0023592552523475944, 
        "fit": "linear", 
        "value": 0.026064856480361435
    }, 
    "Ar37": {
        "error": 0.047480313609549296, 
        "fit": "linear", 
        "value": 0.19637877955359842
    }, 
    "Ar38": {
        "error": 0.18627374146765205, 
        "fit": "linear", 
        "value": 0.12988845538646257
    }, 
    "Ar39": {
        "error": 0.065435084056868986, 
        "fit": "linear", 
        "value": 8.0400734826298237
    }, 
    "Ar40": {
        "error": 0.44457990955156201, 
        "fit": "linear", 
        "value": 1924.4281644289704
    }, 
    "Ar41": {
        "error": 0.12913487520342251, 
        "fit": "average_SEM", 
        "value": -0.072652252607157505
    }
}