{
    "Ar36": {
        "error": 0.0020125163218689106, 
        "fit": "linear", 
        "value": 0.021469482477014468
    }, 
    "Ar37": {
        "error": 0.051311362969673806, 
        "fit": "linear", 
        "value": 0.16771699296871573
    }, 
    "Ar38": {
        "error": 0.18255562374810927, 
        "fit": "linear", 
        "value": 0.085131025152810624
    }, 
    "Ar39": {
        "error": 0.056105557562950534, 
        "fit": "linear", 
        "value": 3.3989036599625582
    }, 
    "Ar40": {
        "error": 0.28501828516711991, 
        "fit": "linear", 
        "value": 792.24623753763672
    }, 
    "Ar41": {
        "error": 0.12586726018193575, 
        "fit": "average_SEM", 
        "value": -0.091399312282576126
    }
}