{
    "Ar36": {
        "error": 0.0017863355104613717, 
        "fit": "linear", 
        "value": 0.019205457609226768
    }, 
    "Ar37": {
        "error": 0.055643372586854291, 
        "fit": "linear", 
        "value": 0.19067009374517579
    }, 
    "Ar38": {
        "error": 0.20715201593964272, 
        "fit": "linear", 
        "value": 0.093877212119965511
    }, 
    "Ar39": {
        "error": 0.065588398380043322, 
        "fit": "linear", 
        "value": 9.3355503305915022
    }, 
    "Ar40": {
        "error": 0.518613553371012, 
        "fit": "linear", 
        "value": 2239.6667428599148
    }, 
    "Ar41": {
        "error": 0.12571211305430502, 
        "fit": "average_SEM", 
        "value": -0.057887667510092597
    }
}