{
    "Ar36": {
        "error": 0.0029975371917727589, 
        "fit": "linear", 
        "value": 0.048525026917539307
    }, 
    "Ar37": {
        "error": 0.060847081597797906, 
        "fit": "linear", 
        "value": 0.20380212322471108
    }, 
    "Ar38": {
        "error": 0.19969546171026628, 
        "fit": "linear", 
        "value": 0.17651384953136323
    }, 
    "Ar39": {
        "error": 0.065951840242385804, 
        "fit": "linear", 
        "value": 12.182958521393099
    }, 
    "Ar40": {
        "error": 0.68634271773493849, 
        "fit": "linear", 
        "value": 2941.374643896921
    }, 
    "Ar41": {
        "error": 0.11981723315202979, 
        "fit": "average_SEM", 
        "value": -0.048537680853355088
    }
}