{
    "Ar36": {
        "error": 0.0020083918250956467, 
        "fit": "linear", 
        "value": 0.019279880018183228
    }, 
    "Ar37": {
        "error": 0.055299198999030831, 
        "fit": "linear", 
        "value": 0.19399901623499904
    }, 
    "Ar38": {
        "error": 0.20880185375336946, 
        "fit": "linear", 
        "value": 0.19232313549940278
    }, 
    "Ar39": {
        "error": 0.062922433341416673, 
        "fit": "linear", 
        "value": 9.3127175906383979
    }, 
    "Ar40": {
        "error": 0.47758520733371923, 
        "fit": "linear", 
        "value": 2239.5490303737329
    }, 
    "Ar41": {
        "error": 0.1251289334140081, 
        "fit": "average_SEM", 
        "value": -0.028125848264123003
    }
}