{
    "Ar36": {
        "error": 0.0025335290221608579, 
        "fit": "linear", 
        "value": 0.04213901509174868
    }, 
    "Ar37": {
        "error": 0.056339205041329485, 
        "fit": "linear", 
        "value": 0.1993801678894988
    }, 
    "Ar38": {
        "error": 0.20445545897580406, 
        "fit": "linear", 
        "value": 0.18898459762594094
    }, 
    "Ar39": {
        "error": 0.064176821094067832, 
        "fit": "linear", 
        "value": 10.849164773105441
    }, 
    "Ar40": {
        "error": 0.57161281619860904, 
        "fit": "linear", 
        "value": 2619.9742029962936
    }, 
    "Ar41": {
        "error": 0.11533794310231874, 
        "fit": "average_SEM", 
        "value": -0.021406860720728421
    }
}