{
    "Ar36": {
        "error": 0.0016261235390849389, 
        "fit": "linear", 
        "value": 0.014441527651094559
    }, 
    "Ar37": {
        "error": 0.052078123977073926, 
        "fit": "linear", 
        "value": 0.17400870635346388
    }, 
    "Ar38": {
        "error": 0.20519444989517316, 
        "fit": "linear", 
        "value": 0.17060136185429012
    }, 
    "Ar39": {
        "error": 0.064815576279908596, 
        "fit": "linear", 
        "value": 6.9423144485714152
    }, 
    "Ar40": {
        "error": 0.42601395268562742, 
        "fit": "linear", 
        "value": 1651.7002526635411
    }, 
    "Ar41": {
        "error": 0.12475530173583504, 
        "fit": "average_SEM", 
        "value": -0.040891811531037089
    }
}