{
    "Ar36": {
        "error": 0.0016407666422145566, 
        "fit": "linear", 
        "value": 0.012875273310614298
    }, 
    "Ar37": {
        "error": 0.056855846886296933, 
        "fit": "linear", 
        "value": 0.18817310288869338
    }, 
    "Ar38": {
        "error": 0.20546555299447666, 
        "fit": "linear", 
        "value": 0.075206646169089272
    }, 
    "Ar39": {
        "error": 0.061241581395876439, 
        "fit": "linear", 
        "value": 6.5170804233591539
    }, 
    "Ar40": {
        "error": 0.33567610522996294, 
        "fit": "linear", 
        "value": 1549.1822673401766
    }, 
    "Ar41": {
        "error": 0.11230451836276033, 
        "fit": "average_SEM", 
        "value": -0.09940647986044901
    }
}