{
    "Ar36": {
        "error": 0.0016863603150118801, 
        "fit": "linear", 
        "value": 0.016997302143902274
    }, 
    "Ar37": {
        "error": 0.055705734785679285, 
        "fit": "linear", 
        "value": 0.19371852709666701
    }, 
    "Ar38": {
        "error": 0.22047389739424952, 
        "fit": "linear", 
        "value": 0.079046426529229663
    }, 
    "Ar39": {
        "error": 0.064150030742945438, 
        "fit": "linear", 
        "value": 9.777476450654035
    }, 
    "Ar40": {
        "error": 0.58696298592973895, 
        "fit": "linear", 
        "value": 2351.535442507291
    }, 
    "Ar41": {
        "error": 0.12196456633638798, 
        "fit": "average_SEM", 
        "value": -0.083344091682617236
    }
}