{
    "Ar36": {
        "error": 0.0020024690572777015, 
        "fit": "linear", 
        "value": 0.021874254475948773
    }, 
    "Ar37": {
        "error": 0.051684809888427226, 
        "fit": "linear", 
        "value": 0.17650509140167928
    }, 
    "Ar38": {
        "error": 0.18695947968366061, 
        "fit": "linear", 
        "value": 0.075452892410945882
    }, 
    "Ar39": {
        "error": 0.064704495805428669, 
        "fit": "linear", 
        "value": 7.8393020075011091
    }, 
    "Ar40": {
        "error": 0.38935747617136363, 
        "fit": "linear", 
        "value": 1875.9958587045662
    }, 
    "Ar41": {
        "error": 0.11963594431009356, 
        "fit": "average_SEM", 
        "value": -0.084628909280096795
    }
}