{
    "Ar36": {
        "error": 0.0022580453188727795, 
        "fit": "linear", 
        "value": 0.026617284343099158
    }, 
    "Ar37": {
        "error": 0.049697707144006502, 
        "fit": "linear", 
        "value": 0.17810004480168456
    }, 
    "Ar38": {
        "error": 0.20859249263174892, 
        "fit": "linear", 
        "value": 0.16312828371184812
    }, 
    "Ar39": {
        "error": 0.062698005594987199, 
        "fit": "linear", 
        "value": 6.7907984729761797
    }, 
    "Ar40": {
        "error": 0.38322316968898623, 
        "fit": "linear", 
        "value": 1619.9371209136293
    }, 
    "Ar41": {
        "error": 0.11210419909171614, 
        "fit": "average_SEM", 
        "value": -0.026511378015533812
    }
}