{
    "Ar36": {
        "error": 0.0025550555912715683, 
        "fit": "linear", 
        "value": 0.042799324295311809
    }, 
    "Ar37": {
        "error": 0.052313483373320674, 
        "fit": "linear", 
        "value": 0.18547789642341794
    }, 
    "Ar38": {
        "error": 0.19573962446271764, 
        "fit": "linear", 
        "value": 0.18284839412073606
    }, 
    "Ar39": {
        "error": 0.063811590541411403, 
        "fit": "linear", 
        "value": 9.4800771980740421
    }, 
    "Ar40": {
        "error": 0.58822725122870978, 
        "fit": "linear", 
        "value": 2271.643603943035
    }, 
    "Ar41": {
        "error": 0.11391953192893096, 
        "fit": "average_SEM", 
        "value": 0.0016247863367223343
    }
}