{
    "Ar36": {
        "error": 0.0024635856274660994, 
        "fit": "linear", 
        "value": 0.042921923929807093
    }, 
    "Ar37": {
        "error": 0.054822986768793172, 
        "fit": "linear", 
        "value": 0.18333119667260531
    }, 
    "Ar38": {
        "error": 0.21504102514453699, 
        "fit": "linear", 
        "value": 0.1576763546653169
    }, 
    "Ar39": {
        "error": 0.060593745384171109, 
        "fit": "linear", 
        "value": 6.8970588052016382
    }, 
    "Ar40": {
        "error": 0.4280959268662457, 
        "fit": "linear", 
        "value": 1631.401364310381
    }, 
    "Ar41": {
        "error": 0.11415215149648113, 
        "fit": "average_SEM", 
        "value": -0.005028243358376332
    }
}