{
    "Ar36": {
        "error": 0.0019045451154691977, 
        "fit": "linear", 
        "value": 0.020647630994834985
    }, 
    "Ar37": {
        "error": 0.053839357502118747, 
        "fit": "linear", 
        "value": 0.20042124567762309
    }, 
    "Ar38": {
        "error": 0.21460111442345287, 
        "fit": "linear", 
        "value": 0.22033452957717592
    }, 
    "Ar39": {
        "error": 0.063621533474388314, 
        "fit": "linear", 
        "value": 11.009318874544647
    }, 
    "Ar40": {
        "error": 0.52700606697190933, 
        "fit": "linear", 
        "value": 2636.4202220499792
    }, 
    "Ar41": {
        "error": 0.11937028565114183, 
        "fit": "average_SEM", 
        "value": 0.0031101177310726294
    }
}