{
    "Ar36": {
        "error": 0.0018156865972643707, 
        "fit": "linear", 
        "value": 0.018482756043821519
    }, 
    "Ar37": {
        "error": 0.055431037254561701, 
        "fit": "linear", 
        "value": 0.1859930141781776
    }, 
    "Ar38": {
        "error": 0.21010680925057498, 
        "fit": "linear", 
        "value": 0.14725869832334401
    }, 
    "Ar39": {
        "error": 0.066219020751195776, 
        "fit": "linear", 
        "value": 6.0296446002590187
    }, 
    "Ar40": {
        "error": 0.35487181315017391, 
        "fit": "linear", 
        "value": 1422.985074499572
    }, 
    "Ar41": {
        "error": 0.12076707406546217, 
        "fit": "average_SEM", 
        "value": -0.011252453183341357
    }
}