{
    "Ar36": {
        "error": 0.002547224419853646, 
        "fit": "linear", 
        "value": 0.03685373946344573
    }, 
    "Ar37": {
        "error": 0.047499990415964546, 
        "fit": "linear", 
        "value": 0.17887459900295394
    }, 
    "Ar38": {
        "error": 0.23740777333242388, 
        "fit": "linear", 
        "value": 0.21133972651016678
    }, 
    "Ar39": {
        "error": 0.061092882263241485, 
        "fit": "linear", 
        "value": 9.8421657627530053
    }, 
    "Ar40": {
        "error": 0.56252828035056135, 
        "fit": "linear", 
        "value": 2355.6656501549678
    }, 
    "Ar41": {
        "error": 0.11752916631737251, 
        "fit": "average_SEM", 
        "value": 0.0084770845346308007
    }
}