{
    "Ar36": {
        "error": 0.0023580323850717088, 
        "fit": "linear", 
        "value": 0.028723465668172084
    }, 
    "Ar37": {
        "error": 0.054937110398185468, 
        "fit": "linear", 
        "value": 0.18569149451180389
    }, 
    "Ar38": {
        "error": 0.22477006970264415, 
        "fit": "linear", 
        "value": 0.21807204325005794
    }, 
    "Ar39": {
        "error": 0.060076092438864748, 
        "fit": "linear", 
        "value": 7.0895530995828322
    }, 
    "Ar40": {
        "error": 0.3717779345812609, 
        "fit": "linear", 
        "value": 1685.713461901782
    }, 
    "Ar41": {
        "error": 0.1219878637608986, 
        "fit": "average_SEM", 
        "value": -0.0012921292949209197
    }
}